date,portfolio_return_22x,equity_22x,drawdown_22x,equity_usd_250k
2021-12-31,0.011834482758619399,1.0118344827586194,0.0,252958.62068965487
2022-01-03,-0.0197241379310338,0.9918769198573122,-0.01972413793103378,247969.22996432806
2022-01-04,0.0701534482758604,1.0614605060505418,0.0,265365.12651263544
2022-01-05,0.019818965517241,1.0824975552178706,0.0,270624.3888044676
2022-01-06,0.0010241379310344826,1.0836061820244214,0.0,270901.54550610535
2022-01-07,-0.057920689655171206,1.02084296464696,-0.057920689655171276,255210.74116173998
2022-01-10,0.0059741379310338,1.0269416213236864,-0.05229257791319797,256735.40533092158
2022-01-11,-0.0278034482758604,0.998389103072885,-0.07864211220383743,249597.27576822124
2022-01-12,0.0516810344827568,1.0499868847360032,-0.031025383433684106,262496.7211840008
2022-01-13,0.07993965517241221,1.1339224742373548,0.0,283480.6185593387
2022-01-14,-0.0112465517241374,1.1211697564796825,-0.011246551724137466,280292.43911992066
2022-01-17,-0.0089706896551712,1.1111120905435394,-0.02011635205410056,277778.0226358849
2022-01-18,-0.0326017241379302,1.07488792068132,-0.052062248431701486,268721.98017033
2022-01-19,0.028998275862067602,1.1060578171260411,-0.024573688011655936,276514.45428151026
2022-01-20,-0.0530086206896532,1.047427217837181,-0.07627969139455326,261856.80445929526
2022-01-21,0.0058034482758604,1.0535059075186275,-0.07091892836219982,263376.4768796569
2022-01-24,-0.0777206896551712,0.9716267018304827,-0.1431277499954552,242906.67545762067
2022-01-25,-0.028050000000000002,0.9443725728441377,-0.16716301660808264,236093.14321103442
2022-01-26,0.0030344827586193997,0.9472382551341464,-0.16463578714123916,236809.5637835366
2022-01-27,0.0085913793103446,0.9553763382812729,-0.1574588563262821,238844.08457031823
2022-01-28,0.0043810344827568,0.9595618749632931,-0.15376765452270613,239890.4687408233
2022-01-31,0.0612775862068964,1.0183615104772075,-0.10191257902165707,254590.37761930187
2022-02-01,-0.0707413793103446,0.9463212125894839,-0.16544452192293513,236580.30314737096
2022-02-02,-0.014603448275860399,0.9325016597090839,-0.17763190968036946,233125.414927271
2022-02-03,0.0268551724137928,0.9575441525567194,-0.15554707282723412,239386.03813917984
2022-02-04,-0.0117586206896532,0.9462847540732096,-0.16547667448812609,236571.1885183024
2022-02-07,-0.0100706896551712,0.9367550139895182,-0.17388089990935762,234188.75349737954
2022-02-08,-0.041989655172412196,0.8974209939710702,-0.20856935605350713,224355.24849276757
2022-02-09,0.0159310344827568,0.9117178387715732,-0.19596104717408513,227929.4596928933
2022-02-10,-0.0333793103448266,0.8812853260843023,-0.22279931290979071,220321.33152107557
2022-02-11,-0.037968965517241,0.8478238339273569,-0.2523088189978949,211955.95848183925
2022-02-14,-0.009387931034482001,0.8398645222450568,-0.259328092240233,209966.1305612642
2022-02-15,0.0402637931034482,0.8736806536036581,-0.22950583178865758,218420.16340091452
2022-02-16,0.0060310344827568,0.8789498517524592,-0.22485895489141194,219737.4629381148
2022-02-17,0.034289655172412205,0.9090887390828938,-0.19827963574465535,227272.18477072346
2022-02-18,0.039106896551723,0.9446403783585448,-0.1669268403963119,236160.0945896362
2022-02-21,0.0763551724137928,1.0167685573171419,-0.10331739566146925,254192.13932928548
2022-02-22,0.0675551724137928,1.0854565325116248,-0.04274184772493106,271364.1331279062
2022-02-23,0.0690344827586194,1.1603904627905293,0.0,290097.6156976323
2022-02-24,-0.0559482758620676,1.0954686170706125,-0.05594827586206752,273867.1542676531
2022-02-25,0.011625862068963998,1.1082043841135543,-0.04497286073127227,277051.0960283886
2022-02-28,-0.0353517241379302,1.069027448437927,-0.07873471670293697,267256.86210948176
2022-03-01,0.0068086206896532005,1.0763060508411686,-0.07246217083442141,269076.5127102921
2022-03-02,-0.0559482758620676,1.0160885829966944,-0.12435631317308049,254022.1457491736
2022-03-03,-0.0332655172413784,0.98228787072025,-0.15348505333452556,245571.96768006252
2022-03-04,0.11946379310344821,1.0996357056760007,-0.0523571668871049,274908.92641900014
2022-03-07,0.0512827586206892,1.1560280581408742,-0.003759428217950278,289007.01453521854
2022-03-08,-0.0810965517241374,1.0622781689292986,-0.08455110327715754,265569.54223232466
2022-03-09,0.1195965517241374,1.1893229749050733,0.0,297330.74372626835
2022-03-10,0.0673844827586194,1.2694648884019941,0.0,317366.2221004985
2022-03-11,0.12498275862068921,1.428126112126581,0.0,357031.5280316452
2022-03-14,-0.0238965517241374,1.3939988226195568,-0.023896551724137405,348499.70565488917
2022-03-15,0.0045706896551712005,1.4003703586174248,-0.01943508579072606,350092.5896543562
2022-03-16,-0.0156275862068964,1.3784859501165485,-0.03475894851898942,344621.4875291371
2022-03-17,-0.006637931034482,1.3693356554476726,-0.04116615205037122,342333.91386191815
2022-03-18,0.0384241379310338,1.4219511975464765,-0.004323788023810837,355487.7993866191
2022-03-21,-0.0271206896551712,1.3833869004130195,-0.03132721356585344,345846.7251032549
2022-03-22,-0.0097103448275856,1.3699537365800443,-0.04073336034722719,342488.43414501107
2022-03-23,0.13194310344827478,1.5507096841649757,0.0,387677.42104124394
2022-03-24,-0.0304206896551712,1.5035360261177244,-0.030420689655171196,375884.0065294311
2022-03-25,-0.027481034482756798,1.462217300737916,-0.0570657321165251,365554.325184479
2022-03-28,-0.0129534482758604,1.443276544564739,-0.06927998238308997,360819.1361411848
2022-03-29,-0.0162344827586194,1.419845696386083,-0.08438974046219372,354961.42409652076
2022-03-30,0.018775862068964002,1.4465045233406402,-0.06719836852018357,361626.13083516003
2022-03-31,-0.058527586206896395,1.3618441051521553,-0.12179299642055219,340461.0262880388
2022-04-01,-0.027481034482756798,1.3244192203383298,-0.14592703336891744,331104.8050845825
2022-04-04,-0.0103551724137928,1.3107046309635855,-0.1547711061923418,327676.1577408964
2022-04-05,0.0437344827586194,1.3680276200481052,-0.11780545770902362,342006.9050120263
2022-04-06,-0.035939655172412203,1.3188611791172407,-0.14951122535394534,329715.2947793102
2022-04-07,-0.011872413793101399,1.303203113463103,-0.1596085800129311,325800.77836577577
2022-04-08,-0.031975862068964,1.2615320704591624,-0.18648082014237843,315383.0176147906
2022-04-11,0.0179982758620676,1.2842374726721317,-0.1718388775242179,321059.36816803296
2022-04-12,-0.0530086206896532,1.2161618156078158,-0.21573855633545413,304040.45390195394
2022-04-13,0.1028120689655158,1.3411979280673134,-0.13510701470241993,335299.4820168284
2022-04-14,0.034289655172412205,1.3871871425386952,-0.1054501324755277,346796.7856346738
2022-04-15,-0.0034706896551712,1.3823726464732997,-0.10855483744677963,345593.1616183249
2022-04-18,0.000967241379310345,1.3837097344985954,-0.10769259479817217,345927.43362464884
2022-04-19,-0.0092172413793086,1.3709557478768228,-0.11591720753646195,342738.93696920574
2022-04-20,-0.0707413793103446,1.2739724472985714,-0.17845844369987374,318493.11182464287
2022-04-21,0.0667965517241374,1.3590694137696762,-0.12358230064094411,339767.35344241903
2022-04-22,-0.0354465517241374,1.3108950894977962,-0.15464828595322444,327723.77237444906
2022-04-25,-0.0437344827586194,1.253563770807796,-0.1916193059161725,313390.942701949
2022-04-26,0.0331706896551712,1.2951453456122275,-0.16480476078948603,323786.33640305686
2022-04-27,-0.0186620689655158,1.2709752538520454,-0.1803912319433031,317743.81346301135
2022-04-28,-0.0304206896551712,1.2323113100952099,-0.205324295915013,308077.82752380247
2022-04-29,-0.0123275862068964,1.2171198861862778,-0.21512072916364677,304279.97154656943
2022-05-02,-0.014887931034482,1.1989994892600397,-0.22680595761825295,299749.87231500994
2022-05-03,-0.0123275862068964,1.1842187196941618,-0.23633757383037268,296054.67992354045
2022-05-04,-0.0241810344827568,1.1555830859981113,-0.2548037212907661,288895.77149952785
2022-05-05,0.1438344827586194,1.3217957814572587,-0.14761879998897554,330448.94536431466
2022-05-06,0.0096344827586194,1.3345306001241246,-0.1394065480136979,333632.65003103117
2022-05-09,0.0548862068965496,1.407777922752314,-0.09217183775416182,351944.4806880785
2022-05-10,-0.0156275862068964,1.3857777519043366,-0.10635900062070702,346444.4379760841
2022-05-11,0.0237637931034482,1.418709087687953,-0.08512270080269879,354677.2719219882
2022-05-12,-0.0156275862068964,1.396538089117602,-0.09942002466463717,349134.5222794005
2022-05-13,0.0848327586206892,1.515010267736314,-0.023021340998386264,378752.56693407847
2022-05-16,-0.078156896551723,1.3966017669660487,-0.09937896098321641,349150.44174151216
2022-05-17,-0.0163293103448266,1.3737962232851268,-0.11408548143240171,343449.05582128174
2022-05-18,-0.0362241379310338,1.324031639403713,-0.1461769711480998,331007.90985092823
2022-05-19,-0.0113793103448266,1.3089650724725685,-0.15589288837296544,327241.26811814215
2022-05-20,0.261837931034482,1.6517017788451867,0.0,412925.44471129664
2022-05-23,-0.049025862068964,1.57072567525646,-0.04902586206896398,392681.418814115
2022-05-24,-0.023725862068964,1.5334588545371448,-0.07158854329666775,383364.7136342862
2022-05-25,-0.0012517241379310343,1.5315393870743965,-0.07275065832695515,382884.8467685991
2022-05-26,0.0199896551724122,1.562154331304981,-0.054215263728064844,390538.5828262453
2022-05-27,-0.0056896551724122,1.5532662118337657,-0.05959645274478287,388316.55295844143
2022-05-30,0.0598551724137928,1.6462372287475946,-0.003308436285279437,411559.30718689866
2022-05-31,-0.025205172413792797,1.6047435355630069,-0.028430218992081868,401185.8838907517
2022-06-01,0.010753448275860401,1.6220000621687052,-0.017982493605624095,405500.0155421763
2022-06-02,-0.0157413793103446,1.596467543948705,-0.0334408036631767,399116.88598717627
2022-06-03,0.0232327586206892,1.63355788904303,-0.010984967162075865,408389.4722607575
2022-06-06,0.0497465517241374,1.7148217610646816,0.0,428705.4402661704
2022-06-07,0.0069413793103446,1.7267249893578647,0.0,431681.2473394662
2022-06-08,0.0505810344827568,1.8140645255868129,0.0,453516.1313967032
2022-06-09,-0.0268362068965496,1.765381914654474,-0.02683620689654964,441345.4786636185
2022-06-10,0.0092362068965496,1.7816873472696497,-0.01784786475921507,445421.8368174124
2022-06-13,-0.0119482758620676,1.7603992553445165,-0.02958288940959075,440099.8138361291
2022-06-14,-0.024806896551723,1.716729213127455,-0.05365592628402893,429182.30328186374
2022-06-15,-0.0072827586206892,1.7042266886511621,-0.06054792174502199,426056.67216279055
2022-06-16,0.0727517241379302,1.8282121185724098,0.0,457053.02964310243
2022-06-17,-0.0142810344827568,1.8021033582652835,-0.01428103448275675,450525.8395663209
2022-06-20,-0.0025034482758603998,1.797591885720112,-0.016748730927463762,449397.97143002803
2022-06-21,0.0304206896551712,1.8522758706022577,0.0,463068.96765056445
2022-06-22,-0.0072827586206892,1.8387861925377347,-0.007282758620689167,459696.5481344337
2022-06-23,-0.0678017241379302,1.7141133183626562,-0.07459069916765626,428528.32959066407
2022-06-24,0.0769810344827568,1.8460675348308846,-0.0033517338696176235,461516.88370772114
2022-06-27,0.018244827586205,1.8797487187163646,0.0,469937.17967909115
2022-06-28,0.03685,1.9490174590010627,0.0,487254.36475026567
2022-06-29,-0.0102793103448266,1.9289829036725052,-0.010279310344826653,482245.7259181263
2022-06-30,-0.01815,1.8939718639708494,-0.028242740862068016,473492.96599271236
2022-07-01,0.0479827586206892,1.9848498587541392,0.0,496212.4646885348
2022-07-04,-0.030534482758619398,1.924243494963563,-0.030534482758619363,481060.87374089076
2022-07-05,0.036034482758619396,1.993582614006213,0.0,498395.6535015532
2022-07-06,-0.0112465517241374,1.9711616840214512,-0.011246551724137355,492790.4210053628
2022-07-07,-0.0146224137931014,1.9423385422245831,-0.025704513784182814,485584.6355561458
2022-07-08,-0.0304206896551712,1.8832512642262915,-0.0553432544027882,470812.8160565729
2022-07-11,-0.049537931034482,1.7899588929784485,-0.10213959511744108,447489.7232446121
2022-07-12,-0.019856896551723,1.7544158644087389,-0.1199683162950822,438603.9661021847
2022-07-13,0.00020862068965517354,1.754781871856314,-0.11978472347830915,438695.4679640785
2022-07-14,0.0360724137931014,1.818081089654548,-0.08803323379660954,454520.272413637
2022-07-15,0.0593241379310338,1.9259371829870189,-0.0339315915698406,481484.29574675474
2022-07-18,-0.0123275862068964,1.9021950263346792,-0.04584088315652268,475548.7565836698
2022-07-19,-0.0304206896551712,1.8443289417749418,-0.07486706153167022,461082.23544373544
2022-07-20,0.0207862068965496,1.8826655447439702,-0.05563705686585463,470666.38618599257
2022-07-21,0.0304206896551712,1.9399375290051106,-0.026908884850926573,484984.3822512777
2022-07-22,0.1013517241379302,2.1365535422896547,0.0,534138.3855724137
2022-07-25,-0.021943103448274798,2.089670926888415,-0.02194310344827477,522417.7317221037
2022-07-26,0.0640465517241374,2.2235071439937997,0.0,555876.7859984499
2022-07-27,-0.005518965517241,2.211235684738759,-0.005518965517240959,552808.9211846897
2022-07-28,-0.022587931034482003,2.1612884455908943,-0.02798223453923787,540322.1113977236
2022-07-29,-0.0093120689655158,2.1411623785311793,-0.037033731006915094,535290.5946327948
2022-08-01,0.0382724137931014,2.2231098310805457,-0.00017868749121274785,555777.4577701364
2022-08-02,-0.0058603448275856,2.2100816408808184,-0.006037985148483416,552520.4102202046
2022-08-03,0.0552275862068964,2.332139115226843,0.0,583034.7788067107
2022-08-04,-0.034137931034482,2.252524710948411,-0.03413793103448204,563131.1777371027
2022-08-05,0.043506896551723,2.350525070527843,0.0,587631.2676319607
2022-08-08,0.001081034482758619,2.353066069181672,0.0,588266.517295418
2022-08-09,0.0043810344827568,2.363374932770962,0.0,590843.7331927405
2022-08-10,0.035541379310344595,2.4473725377091347,0.0,611843.1344272837
2022-08-11,0.0028448275862049998,2.45433489061813,0.0,613583.7226545325
2022-08-12,0.0243137931034482,2.514009081355194,0.0,628502.2703387984
2022-08-15,0.0432793103448266,2.6228136605968775,0.0,655703.4151492193
2022-08-16,0.0059362068965496,2.6383832251372774,0.0,659595.8062843194
2022-08-17,0.0260586206896532,2.7071358528350733,0.0,676783.9632087683
2022-08-18,-0.0280310344827568,2.631252034394746,-0.02803103448275679,657813.0085986865
2022-08-19,0.011360344827585599,2.6611439648337565,-0.016989131872769292,665285.9912084391
2022-08-22,0.0787637931034482,2.8707457574984123,0.0,717686.4393746031
2022-08-23,-0.011417241379308598,2.837969760246427,-0.011417241379308551,709492.4400616067
2022-08-24,-0.0530086206896532,2.6875328976968182,-0.06382064985136371,671883.2244242046
2022-08-25,-0.0142051724137928,2.649356029517295,-0.07711923893045758,662339.0073793237
2022-08-26,-0.06637931034482661,2.473493603420029,-0.13837942738076237,618373.4008550072
2022-08-29,-0.008306896551723,2.45294654793507,-0.14553682034434678,613236.6369837675
2022-08-30,0.05143448275861939,2.579112584862651,-0.10158794866247312,644778.1462156627
2022-08-31,0.0383862068965496,2.6781149341546837,-0.06710131778147721,669528.7335386709
2022-09-01,-0.0067137931034482,2.660134624579514,-0.07336460652037202,665033.6561448785
2022-09-02,-0.027632758620689202,2.5866277665999706,-0.09897009867778195,646656.9416499926
2022-09-05,0.0028258620689639996,2.5939372198921347,-0.09642391245663307,648484.3049730337
2022-09-06,-0.067706896551723,2.418309780883234,-0.1576022451425424,604577.4452208085
2022-09-07,-0.00825,2.3983587251909473,-0.16455202662011648,599589.6812977368
2022-09-08,0.0998155172413784,2.6377521418762546,-0.08116135502894206,659438.0354690637
2022-09-09,0.021639655172412196,2.694832188656749,-0.06127800359268176,673708.0471641872
2022-09-12,0.0499551724137928,2.829452995267335,-0.01438398441353439,707363.2488168337
2022-09-13,0.037646551724137396,2.935972143804682,0.0,733993.0359511705
2022-09-14,-0.012687931034482,2.898720731724928,-0.012687931034481958,724680.182931232
2022-09-15,-0.0131810344827568,2.86051259380418,-0.02570172546075833,715128.148451045
2022-09-16,-0.0073396551724122,2.839517417749315,-0.03285273883095252,709879.3544373288
2022-09-19,-0.009387931034482001,2.812860224060274,-0.04193225061899564,703215.0560150685
2022-09-20,-0.078137931034482,2.593069145863015,-0.1167936823464899,648267.2864657537
2022-09-21,0.0607275862068964,2.750539975958854,-0.06315869455271095,687634.9939897135
2022-09-22,0.0095206896551712,2.7767270134541002,-0.05423931922740188,694181.753363525
2022-09-23,0.0284482758620676,2.855720109526498,-0.027334058481286116,713930.0273816244
2022-09-26,-0.0095965517241374,2.8283150437857674,-0.03666829749937728,707078.7609464418
2022-09-27,-0.0128965517241374,2.7918395325314282,-0.04909195462817795,697959.883132857
2022-09-28,-0.0678017241379302,2.6025479987093645,-0.11356515960101654,650636.9996773411
2022-09-29,0.0179982758620676,2.6493893755344073,-0.09761086080976789,662347.3438836018
2022-09-30,-0.006694827586205,2.6316521704564813,-0.10365220051231039,657913.0426141203
2022-10-03,-0.055568965517241,2.4854139817430125,-0.1534613204734967,621353.4954357531
2022-10-04,0.1631034482758604,2.8907935725583345,-0.015387942743830374,722698.3931395836
2022-10-05,-0.0112655172413784,2.8582272877254127,-0.02648010685091884,714556.8219313532
2022-10-06,-0.0186241379310338,2.80499526848057,-0.04461107561953259,701248.8171201425
2022-10-07,-0.0035655172413784,2.7949940094888177,-0.04801753130163311,698748.5023722044
2022-10-10,-0.0271206896551712,2.719191844369409,-0.07383595239236529,679797.9610923523
2022-10-11,-0.023365517241378402,2.65565652044718,-0.09547625441508623,663914.130111795
2022-10-12,0.0071879310344819996,2.674745196367427,-0.08897460011277047,668686.2990918567
2022-10-13,-0.0106206896551712,2.6463375577301487,-0.09865031815295089,661584.3894325371
2022-10-14,0.1532224137931014,3.0518157860369026,0.0,762953.9465092256
2022-10-17,-0.0100137931034482,3.021255534165692,-0.010013793103448076,755313.883541423
2022-10-18,-0.0240672413793086,2.9485422479563543,-0.03384003010701364,737135.5619890885
2022-10-19,-0.007643103448274799,2.9260062345336153,-0.04122449070448775,731501.5586334039
2022-10-20,-0.0041534482758604,2.913853218983635,-0.04520671519050845,728463.3047459087
2022-10-21,-0.0271586206896532,2.8347169846639333,-0.07113758384967739,708679.2461659834
2022-10-24,-0.0855155172413784,2.5923046954874764,-0.15056973381284877,648076.1738718691
2022-10-25,0.0124224137931014,2.624507377092622,-0.14001775955788753,656126.8442731554
2022-10-26,0.0206724137931014,2.6787622795949275,-0.12223985082874989,669690.5698987319
2022-10-27,-0.06852241379310141,2.4952070222191725,-0.18238609498135672,623801.7555547932
2022-10-28,0.056858620689653194,2.6370810518376913,-0.13589769608531554,659270.2629594228
2022-10-31,0.0255465517241374,2.7044493793292053,-0.11382286188341284,676112.3448323014
2022-11-01,0.0756344827586194,2.908999009281639,-0.046797312409451064,727249.7523204098
2022-11-02,-0.0175241379310338,2.858021309401747,-0.06350136778302007,714505.3273504367
2022-11-03,-0.0241810344827568,2.7889113975666495,-0.08614687350171335,697227.8493916624
2022-11-04,0.074344827586205,2.996252534571944,-0.01820662037308385,749063.1336429861
2022-11-07,0.0031103448275856,3.00557191314499,-0.015152904413003543,751392.9782862475
2022-11-08,0.0641034482758604,3.198239436818659,0.0,799559.8592046648
2022-11-09,-0.0681810344827568,2.9801801634928133,-0.06818103448275681,745045.0408732033
2022-11-10,0.17529827586206762,3.5026006079114382,0.0,875650.1519778596
2022-11-11,0.0086103448275856,3.5327592069388665,0.0,883189.8017347166
2022-11-14,-0.0284672413793086,3.432191297859963,-0.02846724137930856,858047.8244649908
2022-11-15,0.057787931034482,3.630530531877844,0.0,907632.6329694609
2022-11-16,0.0089327586206892,3.662961184784151,0.0,915740.2961960377
2022-11-17,0.0102793103448266,3.700613899583601,0.0,925153.4748959002
2022-11-18,0.0702293103448266,3.960505461603837,0.0,990126.3654009593
2022-11-21,-0.023725862068964,3.8665390552984458,-0.023725862068963988,966634.7638246114
2022-11-22,-0.0455551724137928,3.6903982019896615,-0.06820019874553929,922599.5504974154
2022-11-23,-0.0059741379310338,3.668351254110536,-0.07376689928234326,917087.813527634
2022-11-24,-0.011872413793101399,3.6247990700832933,-0.08476352192293068,906199.7675208233
2022-11-25,0.0006258620689655171,3.6270676943288795,-0.08419071012716872,906766.9235822199
2022-11-28,-0.0124982758620676,3.5817356017147635,-0.0956367472690437,895433.9004286908
2022-11-29,-0.028258620689653197,3.480520693935279,-0.12119280539362887,870130.1734838197
2022-11-30,-0.0103551724137928,3.4444793020598055,-0.1302930054122593,861119.8255149514
2022-12-01,-0.0530086206896532,3.261892205263556,-0.17639497359949918,815473.051315889
2022-12-02,-0.0073396551724122,3.2379510412673422,-0.18243995049154427,809487.7603168356
2022-12-05,0.01705,3.2931581065209503,-0.16850055164742517,823289.5266302376
2022-12-06,0.061144827586205,3.494517691158287,-0.11765866123988233,873629.4227895718
2022-12-07,-0.0416482758620676,3.348977054352051,-0.1544066567210699,837244.2635880128
2022-12-08,-0.0135793103448266,3.3035002555933013,-0.1658892311549739,825875.0638983253
2022-12-09,0.0106775862068964,3.338773664356903,-0.15698294151453052,834693.4160892258
2022-12-12,0.0089327586206892,3.3685981235897167,-0.14945247361795655,842149.5308974292
2022-12-13,0.1209051724137928,3.7758790605151105,-0.046616878294610586,943969.7651287776
2022-12-14,-0.0041534482758604,3.7601961421413566,-0.050576705777692244,940049.0355353391
2022-12-15,0.10224310344827481,4.14465026528812,0.0,1036162.5663220299
2022-12-16,0.0013086206896551723,4.15007404037666,0.0,1037518.5100941651
2022-12-19,-0.025982758620689203,4.042243668327565,-0.025982758620689217,1010560.9170818912
2022-12-20,-0.14897413793103378,3.4400539025312864,-0.17108613748513568,860013.4756328216
2022-12-21,0.044037931034481996,3.59154675904586,-0.13458248597418,897886.6897614651
2022-12-22,0.07286551724137841,3.8532466713403326,-0.07152339118494078,963311.6678350832
2022-12-23,-0.026684482758619402,3.750424776974244,-0.09629930924464769,937606.194243561
2022-12-26,0.0148310344827568,3.806047456166534,-0.08289649313796399,951511.8640416334
2022-12-27,-0.0030724137931014,3.7943537034650094,-0.08571421460214856,948588.4258662524
2022-12-28,-0.0028448275862049998,3.783559421377573,-0.08831520002612347,945889.8553443933
2022-12-29,0.0582810344827568,4.004069178482439,-0.03518126676144073,1001017.2946206097
2022-12-30,-0.0145086206896532,3.9459756575567058,-0.0491794557962707,986493.9143891764
2023-01-02,0.0108293103448266,3.988707852565519,-0.03888272504085155,997176.9631413798
2023-01-03,0.048817241379308596,4.183425566595754,0.0,1045856.3916489385
2023-01-04,0.0327913793103446,4.320605861166589,0.0,1080151.4652916472
2023-01-05,-0.0381396551724122,4.155819443485792,-0.038139655172412246,1038954.8608714481
2023-01-06,0.0184155172413784,4.232351008099361,-0.020426499408441545,1058087.75202484
2023-01-09,-0.009387931034482001,4.1926179887216035,-0.02962266787520118,1048154.4971804009
2023-01-10,-0.0393724137931014,4.027544498393256,-0.06782876573106456,1006886.124598314
2023-01-11,0.056744827586205,4.25608681655035,-0.014932869761653977,1064021.7041375875
2023-01-12,-0.024920689655171198,4.1500221978496326,-0.03948142200383398,1037505.5494624082
2023-01-13,0.0081931034482748,4.184023759029251,-0.03161179393032165,1046005.9397573128
2023-01-16,-0.024029310344826603,4.083484553633409,-0.054881494668239994,1020871.1384083522
2023-01-17,0.01815,4.157599798281855,-0.037727593796468506,1039399.9495704637
2023-01-18,-0.019287931034482002,4.0774083001036185,-0.05628783760370726,1019352.0750259047
2023-01-19,-0.0196862068965496,3.99713959670607,-0.07486595048343092,999284.8991765175
2023-01-20,0.0447017241379302,4.175818628298822,-0.03351086341133491,1043954.6570747056
2023-01-23,0.002275862068964,4.185322215521841,-0.0313112674453071,1046330.5538804601
2023-01-24,0.0297,4.30962628532284,-0.0025412120884326095,1077406.5713307098
2023-01-25,0.0298896551724122,4.438439528913103,0.0,1109609.8822282758
2023-01-26,-0.00825,4.401822402799571,-0.008249999999999869,1100455.6006998927
2023-01-27,-0.0112465517241374,4.352317079466019,-0.01940376767241314,1088079.2698665047
2023-01-30,-0.0177327586206892,4.275138491255145,-0.036792443964635435,1068784.6228137864
2023-01-31,-0.0530086206896532,4.048519296576465,-0.0878507479479218,1012129.8241441164
2023-02-01,0.0136172413793086,4.103648961066735,-0.07542979140877304,1025912.2402666839
2023-02-02,0.023687931034482,4.2008559146462074,-0.053528636071127456,1050213.9786615518
2023-02-03,0.0054431034482748,4.223721607960924,-0.0483768945264329,1055930.401990231
2023-02-06,0.0045517241379302,4.242946823555777,-0.04404536866703668,1060736.7058889442
2023-02-07,-0.055587931034482,4.007090188144984,-0.09718490878566721,1001772.5470362459
2023-02-08,0.030155172413792803,4.127924683646113,-0.06996036405232486,1031981.1709115283
2023-02-09,0.06163793103448201,4.382361420612229,-0.012634645112447163,1095590.3551530573
2023-02-10,-0.0262103448275856,4.267498216618875,-0.03851383153486132,1066874.5541547188
2023-02-13,0.022417241379308603,4.363163754226589,-0.01695996401351174,1090790.9385566472
2023-02-14,-0.008363793103448201,4.326671155309773,-0.025181907486909072,1081667.7888274433
2023-02-15,0.0179793103448266,4.404461718771097,-0.007655350471864275,1101115.4296927743
2023-02-16,0.031975862068964,4.5452981791785545,0.0,1136324.5447946386
2023-02-17,-0.0355224137931014,4.383838216444744,-0.03552241379310139,1095959.554111186
2023-02-20,-0.0010810344827586207,4.379099136165932,-0.03656504732163879,1094774.784041483
2023-02-21,0.0084017241379302,4.415891119080646,-0.028470532624395473,1103972.7797701615
2023-02-22,-0.0069413793103446,4.385238743829925,-0.03521428716862662,1096309.6859574812
2023-02-23,0.0261344827586194,4.499844690172978,-0.010000111590872884,1124961.1725432444
2023-02-24,0.0243517241379302,4.6094236667316,0.0,1152355.9166829002
2023-02-27,0.0419137931034482,4.802622096625126,0.0,1200655.5241562815
2023-02-28,-0.0194586206896532,4.709169694931151,-0.019458620689653094,1177292.4237327878
2023-03-01,-0.0151724137931014,4.637720223697722,-0.034335800237808134,1159430.0559244305
2023-03-02,0.0042103448275856,4.657246625053357,-0.030270020969154765,1164311.6562633393
2023-03-03,0.046010344827585606,4.871528148219172,0.0,1217882.037054793
2023-03-06,0.0133896551724122,4.936756230286526,0.0,1234189.0575716314
2023-03-07,0.0051206896551712,4.962035826845056,0.0,1240508.9567112639
2023-03-08,0.0357310344827568,5.139334500078731,0.0,1284833.6250196828
2023-03-09,-0.006884482758619401,5.103952840322161,-0.006884482758619526,1275988.2100805403
2023-03-10,-0.0381396551724122,4.90928983897602,-0.044761566132577535,1227322.459744005
2023-03-13,0.0626431034482748,5.216822990216559,0.0,1304205.7475541397
2023-03-14,-0.0142241379310338,5.14261818044193,-0.014224137931033831,1285654.5451104825
2023-03-15,-0.027177586206896403,5.002854231513817,-0.041015146403090785,1250713.5578784542
2023-03-16,-0.0027310344827567996,4.989191264095347,-0.043634167106705424,1247297.8160238368
2023-03-17,-0.015229310344826599,4.913209321964742,-0.058198959179025844,1228302.3304911854
2023-03-20,-0.0703620689655158,4.567505748810644,-0.12446602896506564,1141876.437202661
2023-03-21,0.0212034482758604,4.6643526207052455,-0.10590168969646785,1166088.1551763113
2023-03-22,0.021848275862067598,4.766260683480371,-0.08636718316514791,1191565.1708700927
2023-03-23,0.036527586206896404,4.94036068148074,-0.0529943816867634,1235090.170370185
2023-03-24,0.0333603448275856,5.105172817387584,-0.021401947706172875,1276293.204346896
2023-03-27,-0.012687931034482,5.040398736761459,-0.03381833230415521,1260099.6841903646
2023-03-28,0.028656896551723002,5.184840921940268,-0.006130564202824096,1296210.230485067
2023-03-29,0.093556896551723,5.669918547711373,0.0,1417479.6369278433
2023-03-30,0.0153241379310338,5.7568051615942295,0.0,1439201.2903985574
2023-03-31,-0.0259637931034482,5.6073366634417345,-0.025963793103448096,1401834.1658604336
2023-04-03,0.000796551724137931,5.611803197128821,-0.025187922883471936,1402950.7992822053
2023-04-04,-0.0163293103448266,5.520166321128814,-0.04110593181859279,1380041.5802822034
2023-04-05,0.0432793103448266,5.759075312496007,0.0,1439768.8281240019
2023-04-06,-0.0013844827586206915,5.751101972020258,-0.0013844827586206865,1437775.4930050645
2023-04-07,0.000967241379310345,5.756664675824229,-0.0004185805083234406,1439166.1689560574
2023-04-10,-0.015020689655171199,5.670195602279787,-0.015432982795583472,1417548.9005699467
2023-04-11,0.001991379310344828,5.681487112487774,-0.013472336407874708,1420371.7781219436
2023-04-12,0.0063534482758604,5.717584146986933,-0.007204483924536764,1429396.0367467334
2023-04-13,0.0339103448275856,5.911469396991998,0.0,1477867.3492479995
2023-04-14,0.024617241379308596,6.056993466044146,0.0,1514248.3665110364
2023-04-17,-0.0117586206896532,5.985771577357225,-0.011758620689653165,1496442.8943393063
2023-04-18,0.043032758620689206,6.24335584080422,0.0,1560838.960201055
2023-04-19,-0.0138827586206892,6.156680838683265,-0.013882758620689217,1539170.209670816
2023-04-20,0.0399413793103446,6.402587163353844,0.0,1600646.790838461
2023-04-21,-0.037267241379308605,6.163980402085073,-0.03726724137930859,1540995.1005212683
2023-04-24,0.0026741379310338,6.180463735884437,-0.03469276119203235,1545115.9339711093
2023-04-25,0.015456896551723,6.275994524491678,-0.01977210706114818,1568998.6311229195
2023-04-26,0.0006258620689655171,6.2799224314095925,-0.01915861960401588,1569980.6078523982
2023-04-27,-0.0076051724137928,6.232162538573478,-0.026618087412509817,1558040.6346433696
2023-04-28,-0.0215637931034482,6.097773475004619,-0.047607893586185224,1524443.3687511547
2023-05-01,0.013958620689653199,6.182889981993637,-0.03431381342493489,1545722.4954984093
2023-05-02,0.0535396551724122,6.513919779598537,0.0,1628479.9448996342
2023-05-03,0.004437931034482,6.542828106344544,0.0,1635707.026586136
2023-05-04,-0.026456896551723,6.36972517997928,-0.026456896551723008,1592431.2949948201
2023-05-05,-0.009387931034482001,6.309926639281032,-0.03559645206599105,1577481.659820258
2023-05-08,-0.011208620689653202,6.239201065001792,-0.04640608562653914,1559800.266250448
2023-05-09,0.033037931034482,6.445331359497588,-0.014901315648567004,1611332.8398743968
2023-05-10,0.0151913793103446,6.543244832960575,0.0,1635811.2082401437
2023-05-11,-0.028713793103448203,6.355363454601738,-0.028713793103448237,1588840.8636504344
2023-05-12,0.0846051724137928,6.893060075430636,0.0,1723265.018857659
2023-05-15,0.0012327586206896525,6.901557554661555,0.0,1725389.3886653888
2023-05-16,-0.0036034482758604,6.876688148990459,-0.0036034482758604547,1719172.0372476147
2023-05-17,0.0337206896551712,7.10857481591796,0.0,1777143.7039794899
2023-05-18,-0.025375862068964,6.928188601882314,-0.025375862068964028,1732047.1504705786
2023-05-19,0.009994827586204999,6.997434652442839,-0.01563466184898965,1749358.6631107097
2023-05-22,0.0513586206896532,7.356813244558286,0.0,1839203.3111395715
2023-05-23,-0.0559482758620676,6.945212227686026,-0.05594827586206763,1736303.0569215065
2023-05-24,-0.0217155172413784,6.794393351810678,-0.07644884735433799,1698598.3379526695
2023-05-25,-0.011018965517241,6.719526165756505,-0.08662542565874876,1679881.5414391262
2023-05-26,-0.0416672413793086,6.439542047053349,-0.12468322451754876,1609885.5117633373
2023-05-29,-0.0208620689655158,6.3051998767613835,-0.1429441434543366,1576299.9691903458
2023-05-30,0.039637931034482,6.555124954635076,-0.10897222251988059,1638781.238658769
2023-05-31,-0.0109051724137928,6.483640186810825,-0.11868903405877984,1620910.0467027063
2023-06-01,-0.0559482758620676,6.120891697048745,-0.1679968631015245,1530222.9242621863
2023-06-02,0.0229293103448266,6.261239522357449,-0.14891960496771006,1565309.8805893622
2023-06-05,0.0714241379310338,6.708443157621548,-0.08813192144252502,1677110.789405387
2023-06-06,0.1011241379310338,7.386828688795369,0.0,1846707.1721988423
2023-06-07,-0.0031293103448266,7.3637130093640595,-0.0031293103448265525,1840928.2523410148
2023-06-08,-0.0530086206896532,6.9733727395832155,-0.0559720506093907,1743343.184895804
2023-06-09,0.0080603448275856,7.029580528475541,-0.048362859810423875,1757395.1321188852
2023-06-12,-0.0678017241379302,6.552962848678477,-0.11288549866896636,1638240.7121696193
2023-06-13,0.069887931034482,7.010935864318441,-0.05088690158025422,1752733.9660796102
2023-06-14,0.015437931034481999,7.119170208678966,-0.036234559022926494,1779792.5521697416
2023-06-15,-0.008837931034482,7.056251473351923,-0.044752251523698994,1764062.8683379807
2023-06-16,0.0257931034482748,7.23825409756113,-0.02011344752851818,1809563.5243902826
2023-06-19,-0.008287931034482,7.178263946790487,-0.028234679697018095,1794565.9866976219
2023-06-20,-0.0559482758620676,6.776652455284719,-0.0826032739105198,1694163.1138211796
2023-06-21,0.054468965517241,7.145769704193949,-0.03263362327152208,1786442.4260484872
2023-06-22,-0.0530086206896532,6.766982308408717,-0.08391238060344608,1691745.5771021792
2023-06-23,-0.024200000000000003,6.603221336545226,-0.10608170099284275,1650805.3341363065
2023-06-26,-0.0085155172413784,6.546991491405237,-0.11369387768042194,1636747.8728513091
2023-06-27,0.0161586206896532,6.652781843573241,-0.09937239323494251,1663195.4608933101
2023-06-28,0.0045896551724122,6.683315818172527,-0.09523882308113596,1670828.9545431319
2023-06-29,-0.0302310344827568,6.4812722672142,-0.12259068941922968,1620318.0668035499
2023-06-30,0.049025862068964,6.799022227418045,-0.07957494158067202,1699755.5568545114
2023-07-03,0.0400172413793086,7.071100341035917,-0.042742069846341546,1767775.0852589794
2023-07-04,-0.011872413793101399,6.987149311814598,-0.05410703209985368,1746787.3279536495
2023-07-05,0.0120241379310338,7.071163758884584,-0.042733484585827486,1767790.939721146
2023-07-06,-0.021487931034482,6.919219079700143,-0.06330316145066606,1729804.7699250358
2023-07-07,-0.0311982758620676,6.703351374101577,-0.09252648781885475,1675837.8435253943
2023-07-10,-0.068294827586205,6.245547147757559,-0.15450223487231407,1561386.7869393898
2023-07-11,-0.0243896551724122,6.09322040646071,-0.17512363381282336,1523305.1016151775
2023-07-12,-0.007510344827585599,6.047458220097709,-0.18131873976301494,1511864.5550244271
2023-07-13,0.034668965517240996,6.257117340597231,-0.1529359073822475,1564279.3351493077
2023-07-14,-0.006543103448274801,6.216176374549709,-0.1584783353675645,1554044.0936374273
2023-07-17,-0.0271206896551712,6.047589384253739,-0.18130098327216382,1511897.3460634348
2023-07-18,-0.0312931034482748,5.8583415440395985,-0.20692061629562897,1464585.3860098997
2023-07-19,-0.0043241379310338,5.833009267156066,-0.21035000094102585,1458252.3167890164
2023-07-20,0.0439620689655158,6.089440422835273,-0.17563535322377588,1522360.1057088184
2023-07-21,0.011986206896549601,6.162429715627589,-0.1657543480093151,1540607.428906897
2023-07-24,0.0023517241379302,6.176922050338129,-0.16379243237256524,1544230.5125845321
2023-07-25,-0.0086482758620676,6.123502324468316,-0.17102418609535586,1530875.5811170791
2023-07-26,0.0145655172413784,6.21269430315298,-0.15894972458524204,1553173.575788245
2023-07-27,0.1418241379310338,7.093804316926697,-0.03966849431788533,1773451.0792316743
2023-07-28,-0.0156275862068964,6.982945278429071,-0.054676157710131235,1745736.3196072676
2023-07-31,0.0010999999999999983,6.990626518235343,-0.053636301483612314,1747656.6295588359
2023-08-01,0.0411551724137928,7.278326957873751,-0.014688540305015763,1819581.7394684376
2023-08-02,0.0206913793103446,7.428925581703824,0.0,1857231.395425956
2023-08-03,-0.010582758620689199,7.350307055461589,-0.010582758620689248,1837576.7638653973
2023-08-04,0.0063534482758604,7.397006851150157,-0.0042965473543412624,1849251.7127875392
2023-08-07,0.0705896551724122,7.919159014080816,0.0,1979789.753520204
2023-08-08,-0.022094827586205,7.74418656103696,-0.022094827586204957,1936046.64025924
2023-08-09,-0.0092741379310338,7.672365906706244,-0.031164055038641947,1918091.4766765612
2023-08-10,0.0923620689655158,8.38100149571012,0.0,2095250.37392753
2023-08-11,-0.0271206896551712,8.15370295514544,-0.027120689655171226,2038425.7387863598
2023-08-14,-0.035237931034482,7.866383332736372,-0.06140294369797683,1966595.833184093
2023-08-15,0.0200465517241374,8.024077193097964,-0.042587309260695094,2006019.2982744912
2023-08-16,0.0083827586206892,8.091341095361482,-0.03456154977384296,2022835.2738403706
2023-08-17,0.013446551724137399,8.200141731917899,-0.021579731716405814,2050035.4329794748
2023-08-18,0.036925862068964,8.502939034456656,0.0,2125734.758614164
2023-08-21,-0.0559482758620676,8.027214255718532,-0.05594827586206763,2006803.5639296328
2023-08-22,-0.057920689655171206,7.562272470017493,-0.11062840279429009,1890568.1175043732
2023-08-23,0.0323172413793086,7.806664254807149,-0.08188636621149181,1951666.0637017873
2023-08-24,0.1209620689655158,8.750974514787758,0.0,2187743.6286969394
2023-08-25,-0.0024275862068964,8.729730769758758,-0.002427586206896315,2182432.6924396893
2023-08-28,0.0456120689655158,9.127911851679379,0.0,2281977.962919845
2023-08-29,-0.05245862068965321,8.64907418616354,-0.052458620689653235,2162268.546540885
2023-08-30,-0.0447586206896532,8.261953555348375,-0.09486926587395583,2065488.388837094
2023-08-31,0.0452896551724122,8.636134582920588,-0.053876207039434965,2159033.645730147
2023-09-01,0.0366413793103446,8.952574465948567,-0.01920892626702486,2238143.6164871417
2023-09-04,-0.014318965517241,8.824382860880117,-0.03325283983142513,2206095.7152200295
2023-09-05,-0.0267793103448266,8.58807197364704,-0.0591416620585592,2147017.99341176
2023-09-06,0.0604241379310338,9.106998819144334,-0.0022911080732224143,2276749.704786083
2023-09-07,-0.0377034482758604,8.763633560218404,-0.03990817367434962,2190908.390054601
2023-09-08,0.0064293103448266,8.819977680125385,-0.0337354453633707,2204994.4200313464
2023-09-11,-0.024332758620689197,8.605363292195028,-0.05724732753507156,2151340.823048757
2023-09-12,-0.037931034482756795,8.278952960422128,-0.09300691166304997,2069738.2401055319
2023-09-13,-0.0559482758620676,7.815759816343349,-0.14375161117431434,1953939.9540858374
2023-09-14,-0.027481034482756798,7.600974651321472,-0.16728220267343796,1900243.6628303682
2023-09-15,0.053425862068964,8.007063274632666,-0.12279353649109748,2001765.8186581663
2023-09-18,0.021336206896549602,8.177903633293992,-0.10407727789468102,2044475.908323498
2023-09-19,-0.0707413793103446,7.599387450407696,-0.16745608701188985,1899846.862601924
2023-09-20,0.0130293103448266,7.698402227929639,-0.15660861399387138,1924600.55698241
2023-09-21,-0.0006827586206896552,7.693146077442984,-0.15718444673328247,1923286.519360746
2023-09-22,0.058982758620689205,8.146909055562507,-0.10747286039318893,2036727.2638906266
2023-09-25,-0.0156275862068964,8.019592531976958,-0.12142090520938909,2004898.1329942395
2023-09-26,0.012687931034482,8.121344568947329,-0.1102735542463481,2030336.1422368323
2023-09-27,-0.0156275862068964,7.994427556580194,-0.1241778309779189,1998606.8891450486
2023-09-28,-0.007206896551723,7.936812544189677,-0.13048979074776668,1984203.1360474192
2023-09-29,-0.0009862068965517242,7.928985204921959,-0.13134730771275327,1982246.3012304897
2023-10-02,-0.0559482758620676,7.485372153370733,-0.1799469281691679,1871343.0383426833
2023-10-03,-0.0085913793103446,7.421062481922034,-0.18699231516387993,1855265.6204805085
2023-10-04,-0.0081172413793086,7.360823926465342,-0.19359169478492755,1840205.9816163355
2023-10-05,-0.023536206896549602,7.187578051602981,-0.21257148749956545,1796894.5129007453
2023-10-06,-0.035010344827585596,6.935938465541175,-0.2401396312492784,1733984.6163852937
2023-10-09,-0.009387931034482001,6.870824353567263,-0.24727314798694622,1717706.0883918158
2023-10-10,0.055303448275860395,7.2508046328172915,-0.20564475746079114,1812701.158204323
2023-10-11,-0.002294827586205,7.234165286323719,-0.20746766578461673,1808541.32158093
2023-10-12,0.0333982758620676,7.475773934188153,-0.18099845225688294,1868943.4835470382
2023-10-13,0.0758620689655158,8.04290161195414,-0.1188673003591304,2010725.402988535
2023-10-16,-0.0011948275862068967,8.033291731235028,-0.11992010201577041,2008322.932808757
2023-10-17,-0.0756724137931014,7.425393155228311,-0.18651787222702354,1856348.2888070778
2023-10-18,-0.0091603448275856,7.357373993446025,-0.1939696490285021,1839343.4983615063
2023-10-19,-0.057844827586205,6.931787963307911,-0.24059433570969668,1732946.9908269776
2023-10-20,0.051112068965515796,7.286085987742837,-0.20177954102368745,1821521.4969357091
2023-10-23,0.013825862068964,7.38682240763198,-0.19074345505725587,1846705.601907995
2023-10-24,-0.0133137931034482,7.288475782404853,-0.20151772926423484,1822118.9456012133
2023-10-25,0.0188327586206892,7.425737887527622,-0.18648010539656845,1856434.4718819056
2023-10-26,-0.021506896551723,7.266033310960355,-0.20397639361257303,1816508.3277400888
2023-10-27,0.055208620689653196,7.66718098794355,-0.16002902826751986,1916795.2469858876
2023-10-30,-0.010582758620689199,7.586041062247006,-0.1689182383097505,1896510.2655617513
2023-10-31,-0.0108103448275856,7.504033342487892,-0.17790251873353935,1876008.335621973
2023-11-01,0.0150396551724122,7.616891416361193,-0.1655384560971832,1904222.8540902983
2023-11-02,-0.014944827586205,7.5030582874008305,-0.1780093399981293,1875764.5718502076
2023-11-03,-0.009387931034482001,7.432620093651013,-0.18572613162521512,1858155.0234127534
2023-11-06,0.030572413793101397,7.659853230721032,-0.16083181398035185,1914963.3076802578
2023-11-07,0.020994827586205,7.820670528635656,-0.1432136225990409,1955167.6321589139
2023-11-08,-0.008287931034482,7.755853350650917,-0.15031460900622373,1938963.3376627294
2023-11-09,-0.012687931034482,7.657447618224302,-0.1610953586481596,1914361.9045560756
2023-11-10,0.0060310344827568,7.703629948859716,-0.15603589582842203,1925907.4872149292
2023-11-13,-0.0773982758620676,7.107382272938587,-0.22135726238077658,1776845.5682346467
2023-11-14,0.0780431034482748,7.662064442911967,-0.16058956665951163,1915516.1107279917
2023-11-15,0.0806413793103446,8.279943887953134,-0.09289835150744064,2069985.9719882836
2023-11-16,-0.049537931034482,7.8697725986623315,-0.13783429041173,1967443.149665583
2023-11-17,0.0794655172413784,8.495148148787061,-0.06932184635151795,2123787.037196765
2023-11-20,-0.0410603448275856,8.146334436436439,-0.10753581226382536,2036583.6091091097
2023-11-21,-0.0019155172413793115,8.130729992369403,-0.10924534280274756,2032682.4980923508
2023-11-22,-0.0196293103448266,7.971129370019194,-0.126730242409972,1992782.3425047987
2023-11-23,-0.0051206896551712,7.930311690314106,-0.13120198582383713,1982577.9225785264
2023-11-24,-0.0054051724137928,7.887446988332842,-0.13589798888322002,1971861.7470832104
2023-11-27,-0.0230241379310338,7.7058453209497495,-0.15579319277365644,1926461.3302374373
2023-11-28,-0.0161017241379302,7.581767925342256,-0.16938637789897792,1895441.981335564
2023-11-29,0.0370586206896532,7.8627377870444946,-0.13860498273787714,1965684.4467611236
2023-11-30,0.013655172413792799,7.97010482717103,-0.1268424852607808,1992526.2067927576
2023-12-01,-0.0245224137931014,7.7746586186247475,-0.14825441514377202,1943664.654656187
2023-12-04,-0.001612068965517242,7.762125332748171,-0.14962748776763501,1940531.3331870427
2023-12-05,0.0311982758620676,8.004290260155193,-0.12309733154549019,2001072.5650387981
2023-12-06,0.1129206896551712,8.908140236532086,-0.02407687746314713,2227035.0591330216
2023-12-07,0.0034137931034481997,8.938550784236108,-0.020745277837935228,2234637.696059027
2023-12-08,0.029263793103448198,9.200126685030659,0.0,2300031.671257665
2023-12-11,-0.0238017241379302,8.981147807639548,-0.023801724137930247,2245286.951909887
2023-12-12,0.0089896551724122,9.061885229482694,-0.015026038258026841,2265471.3073706734
2023-12-13,-0.0559482758620676,8.554888374833201,-0.07013363318652033,2138722.0937083
2023-12-14,-0.0090275862068964,8.477658382539019,-0.07852808197382255,2119414.5956347547
2023-12-15,-0.0201793103448266,8.306585083040344,-0.09712274978171531,2076646.2707600861
2023-12-18,-0.0092741379310338,8.22954866724436,-0.1054961579350322,2057387.1668110902
2023-12-19,0.1269931034482748,9.274644592476335,0.0,2318661.1481190836
2023-12-20,-0.0036034482758604,9.241223890410359,-0.0036034482758603437,2310305.9726025895
2023-12-21,-0.0096534482758604,9.152014213578637,-0.013222110850174995,2288003.5533946594
2023-12-22,0.0067706896551712,9.213979661538493,-0.0065409440041566125,2303494.915384623
2023-12-25,0.0011948275862068967,9.224988778616849,-0.005353931718285687,2306247.1946542123
2023-12-26,0.000682758620689655,9.231287219231215,-0.004674828540631282,2307821.8048078036
2023-12-27,-0.0158172413793086,9.085273721042908,-0.020418127028505872,2271318.430260727
2023-12-28,0.0091413793103446,9.168325654265267,-0.011463397562135658,2292081.413566317
2023-12-29,-0.0436206896551712,8.768396966243017,-0.054584045909855106,2192099.2415607544
2024-01-02,0.0073965517241374,8.833252867941603,-0.047591227904602684,2208313.2169854008
2024-01-03,0.0403965517241374,9.19008582431379,-0.009117197680128863,2297521.4560784474
2024-01-04,-0.0156275862068964,9.04646696584555,-0.024602304094313743,2261616.7414613874
2024-01-05,-0.0156275862068964,8.905092523468959,-0.03984541567308786,2226273.1308672396
2024-01-08,-0.0123275862068964,8.795314227705505,-0.05168180408332479,2198828.556926376
2024-01-09,-0.032525862068964,8.509239050281959,-0.08252667092119936,2127309.7625704897
2024-01-10,0.0674224137931014,9.082952486594486,-0.02066840448391427,2270738.1216486217
2024-01-11,0.046541379310344605,9.505685623530917,0.0,2376421.405882729
2024-01-12,-0.0103741379310338,9.407072329743363,-0.010374137931033811,2351768.0824358407
2024-01-15,0.0531034482758604,9.906620308633165,0.0,2476655.0771582914
2024-01-16,-0.007453448275860399,9.83278182657418,-0.007453448275860364,2458195.456643545
2024-01-17,-0.0707413793103446,9.137197277704633,-0.07766756037455236,2284299.3194261584
2024-01-18,0.0208620689655158,9.32781811746363,-0.058425797409953795,2331954.5293659074
2024-01-19,-0.0559482758620676,8.805942776236583,-0.11110525064106802,2201485.6940591456
2024-01-22,0.0295672413793086,9.06631021187395,-0.08482308502597247,2266577.552968487
2024-01-23,-0.040206896551723,8.701782015079303,-0.12161950857285819,2175445.5037698257
2024-01-24,-0.0217344827586194,8.512653283903298,-0.14071065421928908,2128163.3209758243
2024-01-25,-0.0245224137931014,8.303902477598218,-0.16178250312452702,2075975.6193995543
2024-01-26,-0.0076810344827568,8.240119916326336,-0.16822088062207763,2060029.979081584
2024-01-29,0.0279741379310338,8.470630167433908,-0.14495257680844575,2117657.541858477
2024-01-30,-0.0006258620689655171,8.465328721311876,-0.14548771855778808,2116332.1803279687
2024-01-31,0.11902758620689641,9.47293636545754,-0.04377718431357358,2368234.091364385
2024-02-01,-0.046541379310344605,9.032052840890024,-0.08828111308364117,2258013.210222506
2024-02-02,0.0035275862068964,9.063914185911507,-0.08506494611358817,2265978.5464778766
2024-02-05,-0.010753448275860401,8.96644585353647,-0.0949036528913273,2241611.4633841175
2024-02-06,0.012460344827585599,9.07817086074941,-0.08362584030416509,2269542.7151873526
2024-02-07,-0.0080793103448266,9.004825501002054,-0.0910295115323273,2251206.3752505137
2024-02-08,0.1022810344827568,9.925848368581253,0.0,2481462.092145313
2024-02-09,-0.042862068965515795,9.50040597126587,-0.04286206896551581,2375101.492816468
2024-02-12,0.009368965517241,9.589414947210452,-0.033894676694410264,2397353.736802613
2024-02-13,0.1055620689655158,10.601693429206831,0.0,2650423.357301708
2024-02-14,0.0227586206896532,10.842973348630139,0.0,2710743.337157535
2024-02-15,-0.0061827586206892006,10.775933861684992,-0.006182758620689288,2693983.465421248
2024-02-16,-0.0707413793103446,10.013629436952348,-0.07648676105826335,2503407.359238087
2024-02-19,-0.0386896551724122,9.626205567012345,-0.11221716982007668,2406551.3917530864
2024-02-20,0.0016879310344827586,9.642453938133217,-0.11071865362913491,2410613.4845333043
2024-02-21,0.0036982758620676005,9.678114392783714,-0.10742984589126459,2419528.5981959286
2024-02-22,0.0749137931034482,10.403138652036217,-0.040564030036049914,2600784.6630090545
2024-02-23,0.0119672413793086,10.52763552338755,-0.029082228195500215,2631908.8808468874
2024-02-26,-0.0141482758620676,10.378687631827361,-0.04281904067037423,2594671.9079568405
2024-02-27,-0.0194586206896532,10.176732685943238,-0.06144446188932773,2544183.1714858096
2024-02-28,-0.0377224137931014,9.792841764502306,-0.09684904226574553,2448210.4411255764
2024-02-29,0.062775862068964,10.407595848373893,-0.04015296231556731,2601898.962093473
2024-03-01,0.11056896551724099,11.558352954850127,0.0,2889588.238712532
2024-03-04,0.0025982758620676,11.58838474433797,0.0,2897096.1860844926
2024-03-05,0.0654120689655158,12.346404966433537,0.0,3086601.2416083845
2024-03-06,0.016006896551723,12.544032593516919,0.0,3136008.1483792295
2024-03-07,0.063344827586205,13.338632175388984,0.0,3334658.043847246
2024-03-08,-0.0092741379310338,13.214927860783101,-0.009274137931033821,3303731.9651957755
2024-03-11,-0.0012517241379310358,13.19838641659874,-0.010514253406658125,3299596.6041496852
2024-03-12,-0.0678017241379302,12.303513061714709,-0.07760309303559376,3075878.265428677
2024-03-13,-0.051718965517241,11.667188093934962,-0.12530850686009554,2916797.0234837406
2024-03-14,-0.0304206896551712,11.312264185780858,-0.15191722531692287,2828066.0464452147
2024-03-15,-0.006751724137930201,11.235886898623077,-0.15764324625771353,2808971.7246557693
2024-03-18,0.0827655172413784,12.165830889453243,-0.0879251538324648,3041457.722363311
2024-03-19,-0.0102034482758604,12.041697463239842,-0.09723146234904856,3010424.3658099608
2024-03-20,-0.0241810344827568,11.750516761650315,-0.11906133948793407,2937629.1904125786
2024-03-21,0.0165,11.944400288217546,-0.10452585158948502,2986100.0720543866
2024-03-22,0.0104310344827568,12.068992739499793,-0.09518512986899763,3017248.184874948
2024-03-25,-0.0559482758620676,11.393753404332967,-0.1458079618271878,2848438.351083242
2024-03-26,0.0376275862068964,11.822472842774626,-0.11366677727359575,2955618.2106936565
2024-03-27,0.0293965517241374,12.17001277720446,-0.08761163684689754,3042503.1943011153
2024-03-28,-0.0229103448275856,11.891193587922585,-0.10851476886341149,2972798.396980646
2024-03-29,-0.0026172413793086,11.860071464014904,-0.11084800089938474,2965017.866003726
2024-04-01,0.006599999999999999,11.938347935677402,-0.10497959770532062,2984586.9839193504
2024-04-02,-0.0658103448275856,11.152681141358778,-0.16388119900805787,2788170.2853396945
2024-04-03,0.0178655172413784,11.35192955857732,-0.14894350415309565,2837982.38964433
2024-04-04,-0.0012137931034482794,11.338150664768287,-0.14997651065839956,2834537.666192072
2024-04-05,0.0058034482758604,11.403951035695183,-0.14504344330473906,2850987.7589237955
2024-04-08,0.0040965517241374,11.450667910972438,-0.14154106954834655,2862666.9777431097
2024-04-09,0.0638,12.181220523692481,-0.086771389785531,3045305.1309231203
2024-04-10,-0.021051724137930203,11.924784829564413,-0.10599642656263142,2981196.2073911033
2024-04-11,0.0428810344827568,12.43613193904042,-0.06766062850235577,3109032.984760105
2024-04-12,-0.0124413793103446,12.281409304433327,-0.07926021626912627,3070352.326108332
2024-04-15,0.0977862068965496,13.482361735657854,0.0,3370590.4339144635
2024-04-16,-0.0056896551724122,13.405651746472236,-0.005689655172412156,3351412.936618059
2024-04-17,0.04547931034482659,14.015331542624713,0.0,3503832.8856561785
2024-04-18,0.0356931034482748,14.515582221237485,0.0,3628895.5553093716
2024-04-19,0.0507327586206892,15.251997750306293,0.0,3812999.4375765733
2024-04-22,-0.0707413793103446,14.173050392211353,-0.07074137931034463,3543262.5980528384
2024-04-23,0.037456896551723,14.703928874574771,-0.035934235285375316,3675982.218643693
2024-04-24,0.042862068965515795,15.334169688060832,0.0,3833542.4220152083
2024-04-25,0.028050000000000002,15.764293147810937,0.0,3941073.2869527345
2024-04-26,0.039106896551723,16.380785729153413,0.0,4095196.4322883533
2024-04-29,-0.0271206896551712,15.936527523085186,-0.027120689655171226,3984131.8807712966
2024-04-30,0.02365,16.31342639900615,-0.004112093965516039,4078356.5997515377
2024-05-01,0.0024275862068964,16.353028647919597,-0.0016944902212117086,4088257.1619798993
2024-05-02,0.0046086206896532,16.42839355408489,0.0,4107098.388521223
2024-05-03,0.0108482758620676,16.606613299330217,0.0,4151653.3248325544
2024-05-06,0.0364896551724122,17.21258289220437,0.0,4303145.723051093
2024-05-07,0.048968965517240996,18.055465270315377,0.0,4513866.317578845
2024-05-08,-0.0097103448275856,17.880140476518118,-0.009710344827585593,4470035.119129529
2024-05-09,-0.016006896551723,17.593934917580217,-0.025561808894171922,4398483.729395054
2024-05-10,-0.047565517241378405,16.757070302914368,-0.07191146547387361,4189267.575728592
2024-05-13,0.0082310344827568,16.894998326407634,-0.06427233674313793,4223749.581601908
2024-05-14,-0.0441896551724122,16.1484141762252,-0.10562181951774585,4037103.5440562996
2024-05-15,-0.027348275862067596,15.70678289059887,-0.1300815207225885,3926695.7226497172
2024-05-16,0.0188327586206892,16.00258494148509,-0.11369855598267997,4000646.2353712725
2024-05-17,0.0447586206896532,16.718838570934977,-0.07402892583321685,4179709.6427337443
2024-05-20,0.0093310344827568,16.874842630152017,-0.06538865781013115,4218710.657538004
2024-05-21,-0.035655172413792804,16.273167206718327,-0.09871238635579727,4068291.801679582
2024-05-22,-0.0080793103448266,16.141691238561997,-0.10599416869637679,4035422.8096404993
2024-05-23,0.0365655172413784,16.73192052785064,-0.0733043830579514,4182980.1319626602
2024-05-24,0.014167241379308599,16.96896568470811,-0.06017566256758611,4242241.421177028
2024-05-27,0.010468965517241,17.146613201324563,-0.05033667398674235,4286653.300331141
2024-05-28,-0.027348275862067596,16.677682893394568,-0.07630832860264158,4169420.723348642
2024-05-29,-0.0228534482758604,16.296540330029174,-0.09741786843776412,4074135.0825072937
2024-05-30,0.0030913793103446003,16.346919117635622,-0.094627644710366,4086729.7794089057
2024-05-31,0.1070603448275856,18.09702591523834,0.0,4524256.478809585
2024-06-03,0.030610344827585602,18.650982118857538,0.0,4662745.529714384
2024-06-04,-0.0013465517241379324,18.625867606728526,-0.001346551724137779,4656466.901682132
2024-06-05,0.0181310344827568,18.963573854577383,0.0,4740893.463644346
2024-06-06,-0.0707413793103446,17.62206448345099,-0.07074137931034463,4405516.120862748
2024-06-07,-0.009444827586205,17.45562712269181,-0.07951806676575313,4363906.7806729525
2024-06-10,0.0662275862068964,18.61167117275532,-0.01855677018059143,4652917.79318883
2024-06-11,-0.0707413793103446,17.29505588272403,-0.0879854179728159,4323763.970681007
2024-06-12,-0.0128965517241374,17.07200929996063,-0.09974726120309707,4268002.324990158
2024-06-13,0.0477551724137928,17.887286047530125,-0.05675553644586173,4471821.511882531
2024-06-14,0.0783655172413784,19.289032470689314,0.0,4822258.117672329
2024-06-17,-0.0252431034482748,18.802117428614572,-0.02524310344827474,4700529.357153643
2024-06-18,-0.0172965517241374,18.476905631987236,-0.04210303652794123,4619226.407996809
2024-06-19,-0.0421982758620676,17.697212071051247,-0.08252463683997213,4424303.017762812
2024-06-20,0.028675862068963998,18.204694883405917,-0.05621523987432253,4551173.720851479
2024-06-21,-0.040491379310344605,17.46756167765284,-0.09443038658389402,4366890.41941321
2024-06-24,0.069944827586205,18.689327267547668,-0.031090476106198084,4672331.816886917
2024-06-25,0.0666827586206892,19.935583166512615,0.0,4983895.791628154
2024-06-26,-0.0156275862068964,19.624038121993184,-0.015627586206896527,4906009.530498296
2024-06-27,-0.011872413793101399,19.391053421117284,-0.027314462829962305,4847763.355279321
2024-06-28,-0.0245413793103446,18.91517022388249,-0.051185507547338416,4728792.555970623
2024-07-01,-0.0707413793103446,17.577084992355083,-0.11830595345308426,4394271.248088771
2024-07-02,0.1152534482758604,19.602904648361882,-0.016687674264255214,4900726.16209047
2024-07-03,0.045251724137930195,20.489969881811703,0.0,5122492.470452926
2024-07-04,0.0023896551724122,20.538933844322347,0.0,5134733.461080587
2024-07-05,-0.0107344827586194,20.318459013090045,-0.010734482758619324,5079614.753272511
2024-07-08,-0.0315206896551712,19.67800717226712,-0.04191681411414727,4919501.79306678
2024-07-09,0.0734913793103446,21.124171061435884,0.0,5281042.765358971
2024-07-10,0.0400931034482748,21.971104637061085,0.0,5492776.159265271
2024-07-11,0.13949137931034458,25.035884327856643,0.0,6258971.08196416
2024-07-12,0.064387931034482,26.647893121345945,0.0,6661973.280336486
2024-07-15,0.0142241379310338,27.026936428675413,0.0,6756734.107168853
2024-07-16,0.0312172413793086,27.8706428269126,0.0,6967660.70672815
2024-07-17,-0.0199517241379302,27.314575449683257,-0.019951724137930227,6828643.862420814
2024-07-18,0.0405672413793086,28.422652425123893,0.0,7105663.106280973
2024-07-19,-0.0421982758620676,27.22326549735685,-0.0421982758620677,6805816.374339212
2024-07-22,-0.007510344827585599,27.018809386138784,-0.04939169708679958,6754702.346534696
2024-07-23,-0.0530086206896532,25.586579567902913,-0.09978213204036035,6396644.891975728
2024-07-24,-0.0046655172413784,25.46720493978096,-0.103982114024323,6366801.2349452395
2024-07-25,-0.022075862068964,24.904994436248316,-0.12376248128644673,6226248.609062079
2024-07-26,0.020368965517241,25.412283409127337,-0.10591442948285756,6353070.852281834
2024-07-29,0.0208810344827568,25.942918175278912,-0.08724499785435391,6485729.543819728
2024-07-30,0.124944827586205,29.18435161377216,0.0,7296087.90344304
2024-07-31,-0.0156275862068964,28.72827064303556,-0.015627586206896416,7182067.66075889
2024-08-01,0.012118965517241,29.076427564328473,-0.0036980108680145785,7269106.891082118
2024-08-02,0.042937931034482,30.32490920581472,0.0,7581227.30145368
2024-08-05,0.0005689655172413784,30.342163033466303,0.0,7585540.758366575
2024-08-06,-0.0559482758620676,28.6445713258181,-0.05594827586206763,7161142.831454525
2024-08-07,0.20522586206896398,34.52317816975504,0.0,8630794.54243876
2024-08-08,-0.0348775862068964,33.31909304700336,-0.034877586206896516,8329773.261750841
2024-08-09,-0.0707413793103446,30.962054447488633,-0.10315167696194982,7740513.611872158
2024-08-12,-0.012137931034482,30.58623916591914,-0.11403756005537646,7646559.791479785
2024-08-13,0.1066051724137928,33.84689046569145,-0.019589381392935312,8461722.616422864
2024-08-14,-0.0304206896551712,32.81724471504208,-0.04941414855621529,8204311.17876052
2024-08-15,0.0155896551724122,33.32885424385825,-0.0345948429204328,8332213.560964563
2024-08-16,-0.0530086206896532,31.562137651224834,-0.08576963870389853,7890534.412806208
2024-08-19,-0.0678017241379302,29.42217030099311,-0.147756033459017,7355542.575248277
2024-08-20,0.0190793103448266,29.983525019184096,-0.13149580633187563,7495881.254796024
2024-08-21,0.09441034482758559,32.814279955391804,-0.04950002592346392,8203569.988847951
2024-08-22,0.0406999999999978,34.14982114957618,-0.010814676978550986,8537455.287394045
2024-08-23,-0.0179793103448266,33.53583091690762,-0.028599546889701233,8383957.729226905
2024-08-26,0.034744827586205,34.7010275800757,0.0,8675256.895018926
2024-08-27,0.0120051724137928,35.11761939911029,0.0,8779404.849777572
2024-08-28,0.0634965517241374,37.34746713571447,0.0,9336866.783928616
2024-08-29,0.0691103448275856,39.92856346790062,0.0,9982140.866975155
2024-08-30,0.0513206896551712,41.977724882013554,0.0,10494431.220503388
2024-09-02,-0.004494827586205,41.78904224620776,-0.004494827586205008,10447260.56155194
2024-09-03,0.06304137931034459,44.423481109466955,0.0,11105870.277366739
2024-09-04,0.014394827586204998,45.06294946081676,0.0,11265737.36520419
2024-09-05,-0.0559482758620676,42.54175513322457,-0.05594827586206774,10635438.783306142
2024-09-06,0.0750465517241374,45.7343671602657,0.0,11433591.790066425
2024-09-09,-0.0156275862068964,45.019649394850795,-0.015627586206896416,11254912.3487127
2024-09-10,-0.0156275862068964,44.316100942928514,-0.031010950963138773,11079025.235732129
2024-09-11,-0.0304206896551712,42.96797458941645,-0.0604882661031485,10741993.647354113
2024-09-12,-0.0707413793103446,39.92836080078929,-0.12695062203726526,9982090.200197322
2024-09-13,-0.0108482758620676,39.495206928102164,-0.13642170253061148,9873801.732025541
2024-09-16,-0.0004931034482758621,39.475731705375544,-0.13684753596694998,9868932.926343886
2024-09-17,0.00024655172413792954,39.48546451508911,-0.13663472423874867,9871366.128772277
2024-09-18,-0.013086206896549601,38.96874955703829,-0.14793290086465705,9742187.389259571
2024-09-19,-0.036394827586205,37.550488635659875,-0.1789437360295657,9387622.158914968
2024-09-20,-0.022360344827585598,36.71084676132218,-0.1973028372147939,9177711.690330544
2024-09-23,-0.011360344827585599,36.29379888320091,-0.20642175377615846,9073449.720800227
2024-09-24,-0.0678017241379302,33.8330167434046,-0.26022772710848974,8458254.18585115
2024-09-25,-0.0179793103448266,33.22472243547321,-0.27352832238730407,8306180.608868303
2024-09-26,0.1208482758620676,37.23987285779591,-0.18573547268518587,9309968.214448977
2024-09-27,0.2215172413793086,45.489146762571046,-0.005361840841381582,11372286.690642761
2024-09-30,-0.012668965517240999,44.91284633082732,-0.01796287738189406,11228211.58270683
2024-10-01,0.0382155172413784,46.62921398414244,0.0,11657303.49603561
2024-10-02,0.00022758620689655336,46.63982615008366,0.0,11659956.537520913
2024-10-03,0.004456896551723,46.84769503042493,0.0,11711923.757606233
2024-10-04,0.0030724137931014,46.991630534811414,0.0,11747907.633702854
2024-10-07,-0.0224362068965496,45.937316589726166,-0.022436206896549682,11484329.147431541
2024-10-08,-0.0120620689655158,45.38321750893016,-0.03422764878715456,11345804.37723254
2024-10-09,-0.0240103448275856,44.29355080715543,-0.05741617596472315,11073387.701788858
2024-10-10,-0.0073965517241374,43.96593126756459,-0.06438804597353531,10991482.816891149
2024-10-11,-0.011037931034482,43.48063835036644,-0.07471526619711633,10870159.58759161
2024-10-14,0.0133137931034482,44.059530573369074,-0.062396216689485584,11014882.643342268
2024-10-15,-0.040244827586205,42.28636236191471,-0.10012991929299064,10571590.590478677
2024-10-16,-0.027348275862067596,41.129903258837714,-0.12473981450018701,10282475.814709429
2024-10-17,-0.047565517241378405,39.173538136243245,-0.16637201794427037,9793384.534060812
2024-10-18,0.0191741379310338,39.924656959714184,-0.15038792003316448,9981164.239928545
2024-10-21,0.0080793103448266,40.247220653702456,-0.14352364036639875,10061805.163425613
2024-10-22,-0.0053293103448266,40.03273072432216,-0.14808806868989366,10008182.681080539
2024-10-23,0.0260206896551712,41.07440998654878,-0.12592073271173587,10268602.496637195
2024-10-24,0.0738517241379302,44.107825982003625,-0.061368471789278844,11026956.495500905
2024-10-25,-0.0079655172413784,43.756484333664254,-0.06884515741054276,10939121.083416063
2024-10-28,-0.0376086206896532,42.110863311646725,-0.10386460668882336,10527715.82791168
2024-10-29,0.072637931034482,45.169709296680615,-0.03877118579192773,11292427.324170154
2024-10-30,-0.0262482758620676,43.984082306451945,-0.06400178487382935,10996020.576612987
2024-10-31,0.0250155172413784,45.0843668757352,-0.0405873053854412,11271091.7189338
2024-11-01,0.0375706896551712,46.77821763192333,-0.004541508784845938,11694554.407980833
2024-11-04,-0.0123275862068964,46.201555121460835,-0.01681310915068779,11550388.780365208
2024-11-05,0.0630224137931014,49.11328864621033,0.0,12278322.161552582
2024-11-06,0.11072068965517119,54.55114583635222,0.0,13637786.459088055
2024-11-07,0.0343086206896532,56.42272040703759,0.0,14105680.101759396
2024-11-08,0.023668965517241004,57.758187830740695,0.0,14439546.957685174
2024-11-11,-0.0707413793103446,53.67229395712813,-0.07074137931034474,13418073.489282032
2024-11-12,-0.056498275862067605,50.639901886988326,-0.12324288920927318,12659975.471747082
2024-11-13,-0.0237637931034482,49.43650573576702,-0.14407796379208104,12359126.433941755
2024-11-14,0.001251724137931032,49.49838660329145,-0.14300658551917245,12374596.650822863
2024-11-15,0.0081362068965496,49.90111571774123,-0.13603390978997598,12475278.929435307
2024-11-18,-0.055037931034482,47.154661552324484,-0.18358481587908626,11788665.38808112
2024-11-19,-0.0074913793103446,46.801408096385096,-0.18970089169806092,11700352.024096275
2024-11-20,-0.0251293103448266,45.625320987756155,-0.21006314946271654,11406330.246939039
2024-11-21,-0.0232137931034482,44.566184226067975,-0.2284005800758785,11141546.056516994
2024-11-22,0.0007586206896551726,44.59999305548086,-0.22781522879179805,11149998.263870215
2024-11-25,-0.0257551724137928,43.45131254468299,-0.2477029807095703,10862828.136170749
2024-11-26,-0.0064862068965496,43.16947834159154,-0.25258253482434556,10792369.585397886
2024-11-27,0.0114362068965496,43.6631734275221,-0.24403491405450206,10915793.356880525
2024-11-28,0.0866724137931014,47.44756606235225,-0.17851359531229638,11861891.515588064
2024-11-29,0.051643103448274795,49.89790562487916,-0.13608948793365794,12474476.40621979
2024-12-02,-0.012687931034482,49.2648044395456,-0.1470507249307198,12316201.1098864
2024-12-03,0.052231034482756795,51.83795613901378,-0.10250030193253379,12959489.034753444
2024-12-04,0.0191551724137928,52.830921126435214,-0.08530854047472447,13207730.281608803
2024-12-05,0.018093103448274802,53.786796447643454,-0.06875893327428018,13446699.111910863
2024-12-06,-0.0006258620689655176,53.7531333319357,-0.06934176173500683,13438283.332983926
2024-12-09,-0.004437931034482,53.51458063332125,-0.07347195881309943,13378645.158330314
2024-12-10,0.0048551724137928,53.77440314894785,-0.06897350542692327,13443600.787236962
2024-12-11,0.021468965517241,54.92888395586283,-0.048985329719296034,13732220.988965707
2024-12-12,0.0046275862068964006,55.183072101617185,-0.04458442734854906,13795768.025404297
2024-12-13,-0.009767241379308601,54.6440857163489,-0.05391620186418622,13661021.429087223
2024-12-16,-0.0419137931034482,52.35374481330676,-0.09357016243777516,13088436.203326691
2024-12-17,-0.0678017241379302,48.80407064988734,-0.15502766823455794,12201017.662471836
2024-12-18,0.037475862068964,50.633045269966495,-0.12336160167722543,12658261.317491625
2024-12-19,0.021165517241378398,51.70471986261147,-0.1048070965430703,12926179.965652868
2024-12-20,0.0013086206896551725,51.7723817287765,-0.10363562858837416,12943095.432194125
2024-12-23,-0.0114362068965496,51.18030205979907,-0.11388663699453316,12795075.514949767
2024-12-24,0.0019913793103448277,51.28222145441815,-0.112122049176824,12820555.363604538
2024-12-25,0.0006258620689655174,51.31431705163875,-0.11156636004553311,12828579.262909688
2024-12-26,0.0663413793103446,54.718579623212804,-0.052626446945243655,13679644.905803202
2024-12-27,0.1495620689655158,62.90240360251482,0.0,15725600.900628706
2024-12-30,-0.011208620689653202,62.19735442006676,-0.011208620689653226,15549338.60501669
2024-12-31,0.0458586206896532,65.04963930431653,0.0,16262409.826079132
2025-01-02,-0.0197241379310338,63.76659124631419,-0.01972413793103378,15941647.811578548
2025-01-03,0.0059741379310338,64.14754165781153,-0.013867834720570626,16036885.414452882
2025-01-06,-0.002787931034482,63.96870273563799,-0.016617103188254156,15992175.683909498
2025-01-07,0.12238448275861939,71.79747933267892,0.0,17949369.83316973
2025-01-08,-0.030818965517241004,69.58475529290025,-0.03081896551724117,17396188.823225062
2025-01-09,0.0080034482758604,70.14167328267538,-0.02306217523781351,17535418.320668846
2025-01-10,-0.024731034482756802,68.40699714204328,-0.047222858269516554,17101749.28551082
2025-01-13,-0.0042672413793086,68.11508797320451,-0.05128858831396821,17028771.993301127
2025-01-14,-0.0168413793103446,66.96793593989028,-0.0672661970542251,16741983.98497257
2025-01-15,0.0717655172413784,71.77392450120401,-0.000328073237303661,17943481.125301003
2025-01-16,-0.060405172413792806,67.43840821689423,-0.06071342833063276,16859602.054223556
2025-01-17,0.020368965517241,68.81205882840177,-0.04158113254149187,17203014.707100444
2025-01-20,0.0167844827586194,69.96703364339218,-0.02549456758509905,17491758.410848048
2025-01-21,-0.00032241379310345077,69.94447530668302,-0.025808761577963857,17486118.826670755
2025-01-22,0.0317103448275856,72.16243873744247,0.0,18040609.68436062
2025-01-23,0.016917241379308598,73.38322813208336,0.0,18345807.03302084
2025-01-24,-0.0559482758620676,69.27756304090052,-0.05594827586206763,17319390.76022513
2025-01-27,-0.006599999999999999,68.82033112483057,-0.062179017241377976,17205082.781207643
2025-01-28,-0.027481034482756798,66.92907723207436,-0.08795130800722062,16732269.308018591
2025-01-29,-0.0268741379310338,65.13041597894278,-0.11246183035565349,16282603.994735695
2025-01-30,0.0257931034482748,66.81033153591682,-0.08956946653172448,16702582.883979203
2025-01-31,0.011056896551723,67.54904646029577,-0.07950293030563571,16887261.61507394
2025-02-03,-0.0156275862068964,66.49341791354385,-0.0938880776154799,16623354.478385963
2025-02-04,-0.0530086206896532,62.96869354500622,-0.14191982081153331,15742173.386251554
2025-02-05,0.0276896551724122,64.71227495592474,-0.11815987653952298,16178068.738981185
2025-02-06,-0.0530086206896532,61.281966518821584,-0.16490500515295636,15320491.629705396
2025-02-07,-0.012839655172412201,60.495127200432606,-0.1756273369229997,15123781.800108152
2025-02-10,-0.014091379310344598,59.642667416623766,-0.18724388481149656,14910666.854155941
2025-02-11,0.0241620689655158,61.08375766003155,-0.16760601550416732,15270939.415007887
2025-02-12,0.0010810344827586204,61.14979130839851,-0.1667061689036865,15287447.827099629
2025-02-13,-0.012687931034482,60.37392697350459,-0.1772789435640958,15093481.743376147
2025-02-14,-0.0106775862068964,59.729279163596125,-0.18606361856841902,14932319.79089903
2025-02-17,-0.015494827586205,58.803784281107895,-0.19867542246484093,14700946.070276974
2025-02-18,0.0084017241379302,59.29783745490412,-0.1919429144194471,14824459.36372603
2025-02-19,-0.0252431034482748,57.800976009770984,-0.21234078302286852,14450244.002442745
2025-02-20,-0.021943103448274798,56.532643213777334,-0.22962447070298486,14133160.803444333
2025-02-21,0.11218103448275679,62.87453361154347,-0.14320294688624446,15718633.402885867
2025-02-24,-0.0241810344827568,61.35416234619549,-0.16392118597231253,15338540.586548872
2025-02-25,0.0085344827586194,61.87778838690863,-0.1567856857491463,15469447.096727157
2025-02-26,0.0481724137931014,64.85859081368476,-0.11616601688678785,16214647.703421189
2025-02-27,-0.0233275862068964,63.3455964452207,-0.136783730320446,15836399.111305175
2025-02-28,0.023725862068964,64.84852532915626,-0.11630318017034336,16212131.332289064
2025-03-03,-0.027481034482756798,63.066420768429786,-0.14058808294838476,15766605.192107446
2025-03-04,0.028618965517241,64.87131648969729,-0.11599260292917857,16217829.122424323
2025-03-05,-0.041268965517241,62.194144366425945,-0.1524746737158803,15548536.091606487
2025-03-06,-0.0559482758620676,58.714489220407884,-0.19989225447091308,14678622.30510197
2025-03-07,0.0073965517241374,59.14877397688294,-0.19397421614622423,14787193.494220736
2025-03-10,0.141387931034482,67.51169675270063,-0.0800118982066923,16877924.188175157
2025-03-11,-0.0156275862068964,66.45665189172395,-0.09438909157678621,16614162.972930988
2025-03-12,-0.024408620689653198,64.83453668339453,-0.11649380473290072,16208634.170848632
2025-03-13,-0.0707603448275856,60.24682251094078,-0.17901100776730894,15061705.627735196
2025-03-14,0.1311275862068964,68.14684292343576,-0.07135670291340379,17036710.73085894
2025-03-17,-0.001858620689655173,68.02018379124358,-0.07308269855867844,17005045.947810896
2025-03-18,-0.028656896551723002,66.07093642090874,-0.09964527177808447,16517734.105227184
2025-03-19,-0.0393724137931014,63.46956417244702,-0.13509441069821315,15867391.043111756
2025-03-20,0.0324310344827568,65.5279477967292,-0.10704462770723788,16381986.949182298
2025-03-21,-0.029453448275860404,63.59792377567495,-0.1333452425777144,15899480.943918737
2025-03-24,-0.0117017241379302,62.85371841590688,-0.14348659747189485,15713429.603976721
2025-03-25,-0.0530086206896532,59.52192949746381,-0.18888919154211137,14880482.374365952
2025-03-26,0.0625103448275856,63.24266583515352,-0.13818637521202692,15810666.45878838
2025-03-27,-0.0530086206896532,59.89025935049538,-0.1838699267535877,14972564.837623844
2025-03-28,0.07935172413793021,64.64265468902498,-0.11910859832066967,16160663.672256244
2025-03-31,0.0129155172413784,65.47754801018955,-0.10773143023449827,16369387.002547387
2025-04-01,0.0032241379310338,65.6886566563603,-0.10485463329404798,16422164.164090073
2025-04-02,0.0076810344827568,66.19321349326377,-0.0979789908652996,16548303.373315942
2025-04-03,-0.0119293103448266,65.40357410678126,-0.10873947942082107,16350893.526695317
2025-04-04,-0.0026551724137928,65.22991634104949,-0.11110592976856548,16307479.085262371
2025-04-07,0.1638620689655158,75.91862539114138,0.0,18979656.347785342
2025-04-08,-0.0672896551724122,70.81008726740794,-0.06728965517241214,17702521.816851985
2025-04-09,-0.022644827586205,69.20660504987336,-0.08841072011890261,17301651.26246834
2025-04-10,-0.009482758620689199,68.55033551922804,-0.09705510122122296,17137583.87980701
2025-04-11,0.0294155172413784,70.56677909559616,-0.0704945099831813,17641694.77389904
2025-04-14,-0.0199517241379302,69.15885018577856,-0.08903974710468854,17289712.54644464
2025-04-15,-0.0367551724137928,66.6169047232606,-0.122522248261968,16654226.180815151
2025-04-16,-0.023005172413792803,65.08437134442879,-0.14270877522996872,16271092.836107196
2025-04-17,0.08927068965517121,70.8944980601192,-0.06617779635942167,17723624.515029803
2025-04-18,0.071537931034482,75.96614377306823,0.0,18991535.943267055
2025-04-21,0.0735293103448266,81.55188193425788,0.0,20387970.48356447
2025-04-22,-0.0036224137931014,81.25646727228585,-0.0036224137931013534,20314116.818071462
2025-04-23,-0.0530086206896532,76.94917402006803,-0.056439015324015074,19237293.50501701
2025-04-24,-0.008705172413792801,76.2793181931244,-0.06465287637854755,19069829.5482811
2025-04-25,-0.0761844827586194,70.46801779140107,-0.13591181319141032,17617004.44785027
2025-04-28,-0.0707413793103446,65.48301301557144,-0.19703860337202483,16370753.253892861
2025-04-29,-0.0123275862068964,64.67576552753467,-0.20693717920976618,16168941.381883666
2025-04-30,-0.0388413793103446,62.16366958649278,-0.2377408330490115,15540917.396623194
2025-05-01,0.035806896551723,64.38955767265182,-0.2104466979123949,16097389.418162955
2025-05-02,-0.0678017241379302,60.023834645967334,-0.2639797730927306,15005958.661491834
2025-05-05,0.043393103448274795,62.62845511212194,-0.23204157124652058,15657113.778030485
2025-05-06,-0.00028448275862068793,62.61063839644349,-0.23226004217883844,15652659.599110873
2025-05-07,-0.0367551724137928,60.30937358724458,-0.26047845669751324,15077343.396811144
2025-05-08,-0.0304206896551712,58.47472085004923,-0.2829752120596314,14618680.212512307
2025-05-09,-0.013465517241378401,57.6873284882581,-0.29263032170413816,14421832.122064525
2025-05-12,-0.0251862068965496,56.23440349764361,-0.31044628077404346,14058600.874410903
2025-05-13,-0.0439051724137928,53.76542231649278,-0.34072125570523115,13441355.579123195
2025-05-14,-0.001251724137931034,53.69812283959317,-0.34154649082308974,13424530.709898291
2025-05-15,0.0538620689655158,56.59041483529808,-0.30608082250121715,14147603.708824519
2025-05-16,-0.023687931034482,55.24990499146681,-0.32251833212131276,13812476.247866703
2025-05-19,0.0411741379310338,57.52477220026198,-0.2946236084823288,14381193.050065495
2025-05-20,-0.0678017241379302,53.624493464442544,-0.34244934399341853,13406123.366110636
2025-05-21,-0.011075862068964,53.03055597131232,-0.3497322843627043,13257638.992828079
2025-05-22,0.0151724137931014,53.83515751018729,-0.33986615350476046,13458789.37754682
2025-05-23,-0.0201793103448266,52.7488011593266,-0.353187199262312,13187200.28983165
2025-05-26,0.0263810344827568,54.140369101634874,-0.3361236084621626,13535092.275408719
2025-05-27,0.0382913793103446,56.213478510907635,-0.3107028657386044,14053369.627726909
2025-05-28,-0.0135603448275856,55.451204358341656,-0.3200499725678555,13862801.089585414
2025-05-29,0.1260637931034482,62.44159351190867,-0.23433289298896554,15610398.377977168
2025-05-30,-0.0238206896551712,60.95419169128715,-0.2525716115242481,15238547.922821788
2025-06-02,-0.0069413793103446,60.531085526202475,-0.2577597954759778,15132771.38155062
2025-06-03,-0.0093310344827568,59.96626787987878,-0.26468566441888,14991566.969969695
2025-06-04,-0.0062206896551712,59.59323633761919,-0.2692598266995285,14898309.084404796
2025-06-05,-0.0471862068965496,56.781257558157314,-0.303740683704505,14195314.38953933
2025-06-06,-0.0120051724137928,56.09958877129966,-0.312099396841342,14024897.192824915
2025-06-09,-0.0160637931034482,55.198416584088974,-0.32314968980621994,13799604.146022243
2025-06-10,-0.00017068965517241336,55.188994785396176,-0.3232652211522702,13797248.696349043
2025-06-11,-0.013787931034482,54.42805273143275,-0.33259599361165804,13607013.182858188
2025-06-12,-0.005006896551723,54.15553710189474,-0.3359376164298501,13538884.275473684
2025-06-13,-0.0130103448275856,53.45095488987598,-0.34457729702712614,13362738.722468995
2025-06-16,0.0150396551724122,54.25483882005587,-0.3347199655822438,13563709.705013968
2025-06-17,0.0371155172413784,56.26853522570986,-0.3100277529944667,14067133.806427466
2025-06-18,0.0795982758620676,60.74741361496039,-0.25510715174014964,15186853.403740097
2025-06-19,-0.0123275862068964,59.99854463677597,-0.2642898825419736,14999636.159193993
2025-06-20,0.0086482758620676,60.517428602117384,-0.2579272584916824,15129357.150529345
2025-06-23,-0.015513793103448201,59.57857373563144,-0.26943962147115097,14894643.433907859
2025-06-24,-0.0530086206896532,56.420395719248816,-0.3081656194674762,14105098.929812204
2025-06-25,0.0200844827586194,57.553570184306544,-0.29427048377985077,14388392.546076637
2025-06-26,0.037437931034481994,59.708256775654824,-0.2678494308226025,14927064.193913706
2025-06-27,0.0043620689655158,59.96870830952095,-0.2646557395467092,14992177.077380238
2025-06-30,-0.026760344827585603,58.36392499629327,-0.28433380552342513,14590981.249073317
2025-07-01,0.0129155172413784,59.11772527585741,-0.27509060644959127,14779431.318964353
2025-07-02,0.00011379310344827577,59.12445246528535,-0.2750081167599804,14781113.116321338
2025-07-03,-0.0084206896551712,58.626583800043264,-0.2811130484112627,14656645.950010816
2025-07-04,-0.0021051724137931037,58.50316473311248,-0.2826264293903832,14625791.18327812
2025-07-07,0.062491379310344604,62.15910819130498,-0.2377967654822014,15539777.047826245
2025-07-08,-0.0145844827586194,61.25254974959773,-0.24891310541459022,15313137.437399434
2025-07-09,0.042520689655171195,63.85705040808832,-0.21697637266585756,15964262.60202208
2025-07-10,-0.002787931034482,63.679021355485126,-0.21915938853723516,15919755.338871282
2025-07-11,0.0084775862068964,64.21886574859705,-0.21253974493971384,16054716.437149264
2025-07-14,-0.0030913793103446003,64.02034087568803,-0.21497408327992595,16005085.218922008
2025-07-15,0.0133137931034482,64.87269444851917,-0.20452241064387022,16218173.612129793
2025-07-16,-0.027481034482756798,63.089925695390065,-0.22638295770722627,15772481.423847517
2025-07-17,0.0513586206896532,66.33013725851801,-0.18665105347306032,16582534.314629503
2025-07-18,0.0312741379310338,68.4045551201253,-0.16121426633331593,17101138.780031323
2025-07-21,0.009387931034482001,69.04673236603745,-0.15333980371294575,17261683.09150936
2025-07-22,-0.0393534482758604,66.32950535525342,-0.18665880195475815,16582376.338813355
2025-07-23,0.16251551724137842,77.1090792264272,-0.05447823646071337,19277269.8066068
2025-07-24,0.004475862068964,77.45420882930951,-0.05024621146390784,19363552.207327377
2025-07-25,-0.007510344827585599,76.87250101265357,-0.057379189917119655,19218125.253163394
2025-07-28,0.0399413793103446,79.94289473413482,-0.019729614595775047,19985723.683533706
2025-07-29,0.0349344827586194,82.73565841189858,0.0,20683914.602974646
2025-07-30,0.0136172413793086,83.86228984316942,0.0,20965572.460792355
2025-07-31,0.118306896551723,93.78377709223588,0.0,23445944.27305897
2025-08-01,0.022303448275860397,95.87547871372739,0.0,23968869.678431846
2025-08-04,0.0312172413793086,98.86844667509058,0.0,24717111.668772645
2025-08-05,-0.010924137931033799,97.78839412658483,-0.01092413793103375,24447098.531646207
2025-08-06,0.033037931034482,101.01912034771168,0.0,25254780.08692792
2025-08-07,0.0697931034482748,108.06955826439324,0.0,27017389.56609831
2025-08-08,0.025281034482756797,110.80166849341165,0.0,27700417.123352915
2025-08-11,0.010525862068964,111.96795157298439,0.0,27991987.893246096
2025-08-12,0.016917241379308598,113.8621404364913,0.0,28465535.109122824
2025-08-13,0.0080413793103446,114.77774909682886,0.0,28694437.274207216
2025-08-14,0.027462068965515802,117.92978355823264,0.0,29482445.889558163
2025-08-15,-0.0096534482758604,116.79135449246982,-0.009653448275860455,29197838.623117454
2025-08-18,-0.0549810344827568,110.37004500383146,-0.06410372618608473,27592511.250957865
2025-08-19,0.0356741379310338,114.30740121275257,-0.030716433424906375,28576850.30318814
2025-08-20,-0.013825862068964,112.72700285012333,-0.04411761432208705,28181750.712530833
2025-08-21,-0.029737931034482003,109.3747350136425,-0.07254357878445294,27343683.753410626
2025-08-22,-0.0106396551724122,108.2110255485234,-0.08241139529362584,27052756.38713085
2025-08-25,-0.022189655172412198,105.80986020574858,-0.10277237002219508,26452465.051437143
2025-08-26,-0.0091603448275856,104.84060540010529,-0.1109912845016292,26210151.35002632
2025-08-27,-0.01155,103.62969640773407,-0.12125933516563536,25907424.101933517
2025-08-28,0.0483431034482748,108.63947754148649,-0.07877828430134182,27159869.38537162
2025-08-29,0.002162068965517242,108.87436358430895,-0.07678653941946911,27218590.896077238
2025-09-01,-0.0076051724137928,108.04635527780832,-0.08380773696191834,27011588.81945208
2025-09-02,0.025318965517241002,110.78197722135072,-0.060610696646894224,27695494.30533768
2025-09-03,-0.0678017241379302,103.27076816233424,-0.1243029110509638,25817692.04058356
2025-09-04,0.01595,104.91793691452345,-0.11033554248222677,26229484.228630863
2025-09-05,-0.012081034482756799,103.65041970079939,-0.12108360947158214,25912604.925199848
2025-09-08,-0.0200844827586194,101.56865463339501,-0.13873619056341824,25392163.658348754
2025-09-09,-0.0608793103448266,95.38522498666204,-0.19116933730687558,23846306.24666551
2025-09-10,0.028144827586205,98.06982569818302,-0.1684049377589416,24517456.424545757
2025-09-11,0.037456896551723,101.74321701420537,-0.13725596753965463,25435804.25355134
2025-09-12,-0.012744827586205,100.44651725529349,-0.148251491484389,25111629.313823372
2025-09-15,0.011094827586205,101.56095404587573,-0.13880148863560093,25390238.511468932
2025-09-16,0.018699999999999998,103.4601438865336,-0.12269707647308681,25865035.9716334
2025-09-17,0.005082758620689199,103.98600682477063,-0.11823795747557453,25996501.706192657
2025-09-18,-0.0156275862068964,102.36095653880561,-0.13201776980909397,25590239.1347014
2025-09-19,-0.0530086206896532,96.93494342020999,-0.17802831061464297,24233735.855052497
2025-09-22,-0.0125172413793086,95.72158533532959,-0.1883171286576376,23930396.333832398
2025-09-23,0.015779310344826603,97.23200593703456,-0.17550933272914648,24308001.48425864
2025-09-24,0.011151724137930199,98.31631044462196,-0.1663148402534439,24579077.61115549
2025-09-25,-0.013256896551723001,97.01294128771052,-0.17736691817291073,24253235.32192763
2025-09-26,-0.0128965517241374,95.76180887248286,-0.18797604826268033,23940452.218120717
2025-09-29,0.0109810344827568,96.81337259784276,-0.17905918524782838,24203343.14946069
2025-09-30,-0.0168034482758604,95.1865740989833,-0.19285382176605925,23796643.524745826
2025-10-01,0.0722396551724122,102.06281938893713,-0.1345458601767089,25515704.847234283
2025-10-02,-0.0613913793103446,95.7970421303477,-0.18767728355030855,23949260.532586925
2025-10-03,0.117168965517241,107.0214824563721,-0.09249827119774312,26755370.614093024
2025-10-06,0.0679724137931014,114.29599094664778,-0.03081318816964107,28573997.736661945
2025-10-07,-0.0048931034482748,113.73672883922275,-0.03555551950063063,28434182.209805686
2025-10-08,-0.0031862068965495998,113.37434008940423,-0.03862843915573688,28343585.022351056
2025-10-09,0.0397327586206892,117.87901537795646,-0.0004304949839165628,29469753.844489116
2025-10-10,0.0081362068965496,118.83810343583306,0.0,29709525.858958267
2025-10-13,-0.0123275862068964,117.37311647106375,-0.012327586206896446,29343279.117765937
2025-10-14,-0.0707413793103446,109.06998031794697,-0.08219689506539807,27267495.079486743
2025-10-15,0.0766586206896532,117.4311345677684,-0.011839374976430506,29357783.6419421
2025-10-16,0.0124224137931014,118.8899127135626,0.0,29722478.17839065
2025-10-17,-0.012687931034482,117.38144570035733,-0.012687931034481958,29345361.425089333
2025-10-20,0.0932344827586194,128.32544407568912,0.0,32081361.01892228
2025-10-21,-0.0113793103448266,126.86518902241416,-0.011379310344826643,31716297.25560354
2025-10-22,0.001820689655172414,127.09617115966877,-0.009579338882282018,31774042.789917193
2025-10-23,-0.006543103448274801,126.26456776389142,-0.01605976372528395,31566141.940972853
2025-10-24,-0.005006896551723,125.63237413494959,-0.020986250701389375,31408093.533737395
2025-10-27,-0.046181034482756796,119.83054113287288,-0.06619811841684153,29957635.28321822
2025-10-28,-0.0678017241379302,111.70582383968294,-0.12951149599142298,27926455.959920734
2025-10-29,0.06880689655172299,119.391954904845,-0.06961588354664072,29847988.72621125
2025-10-30,-0.0559482758620676,112.71218087611719,-0.12166927075165934,28178045.219029296
2025-10-31,-0.0504482758620676,107.02604568226357,-0.1659795416789106,26756511.420565892
2025-11-03,0.0103551724137928,108.13431883806986,-0.1573431160363653,27033579.709517464
2025-11-04,-0.012687931034482,106.76231805819175,-0.16803468846582736,26690579.514547937
2025-11-05,0.0520982758620676,112.32445075606122,-0.12469073015784904,28081112.689015307
2025-11-06,0.036394827586205,116.41247977504324,-0.09283400019733701,29103119.94376081
2025-11-07,0.050637931034482005,122.30736689744491,-0.046896990862502874,30576841.724361226
2025-11-10,0.029870689655171197,125.96077229657965,-0.018427146667146843,31490193.07414491
2025-11-11,-0.0530086206896532,119.28376549613448,-0.07045896972872867,29820941.37403362
2025-11-12,0.010241379310344599,120.50539578414659,-0.060939187453192045,30126348.946036648
2025-11-13,0.0060310344827568,121.23216798147902,-0.05527567931131672,30308041.995369755
2025-11-14,0.0119482758620676,122.68068336787826,-0.04398785251412385,30670170.841969565
2025-11-17,-0.0134086206896532,121.03570461865094,-0.05680665677446273,30258926.154662736
2025-11-18,-0.021487931034482,118.43489774509544,-0.0770739302858755,29608724.43627386
2025-11-19,-0.0156275862068964,116.584046170679,-0.09149703700292511,29146011.54266975
2025-11-20,-0.0559482758620676,110.06136979440582,-0.14232621139819124,27515342.448601454
2025-11-21,-0.0304206896551712,106.71322702086717,-0.1684172395466218,26678306.755216792
2025-11-24,-0.0123275862068964,105.39771051535132,-0.1786686477142797,26349427.62883783
2025-11-25,-0.024560344827585602,102.80910640105624,-0.19884082894412425,25702276.60026406
2025-11-26,0.0421224137931014,107.13967412258052,-0.16509407082677052,26784918.53064513
2025-11-27,-0.0114551724137928,105.91237068314878,-0.17465806219474778,26478092.670787197
2025-11-28,-0.0098431034482748,104.86986426206252,-0.18278198826876446,26217466.06551563
2025-12-01,0.0178655172413784,106.74341863013741,-0.16818196579021505,26685854.657534353
2025-12-02,-0.022189655172412198,104.37481897881023,-0.18663972113552396,26093704.744702555
2025-12-03,0.07601379310344819,112.30874487387536,-0.12481312117935683,28077186.218468837
2025-12-04,0.1212655172413784,125.92792291173585,-0.018683131636304084,31481980.727933962
2025-12-05,0.014129310344826599,127.70719761563515,-0.00481780105658014,31926799.40390879
2025-12-08,0.026893103448274797,131.1416404922017,0.0,32785410.123050425
2025-12-09,-0.0018206896551724136,130.9028722639952,-0.0018206896551725693,32725718.065998796
2025-12-10,-0.0707413793103446,121.64262252435432,-0.07243327086801421,30410655.63108858
2025-12-11,0.024484482758619402,124.62097921826513,-0.04972227928111295,31155244.804566283
2025-12-12,-0.0559482758620676,117.64865029476064,-0.10288867934547008,29412162.57369016
2025-12-15,0.0156844827586194,119.49390852188365,-0.08881795230410194,29873477.130470913
2025-12-16,-0.009767241379308601,118.32678267399339,-0.09771768730444041,29581695.66849835
2025-12-17,0.07984482758620501,127.77456423542874,-0.025675111613181145,31943641.058857184
2025-12-18,0.0343275862068964,132.16075660426904,0.0,33040189.15106726
2025-12-19,0.015779310344826603,134.24616219813487,0.0,33561540.54953372
2025-12-22,0.0155896551724122,136.3390135750235,0.0,34084753.393755876
2025-12-23,-0.028903448275860402,132.39834594817597,-0.028903448275860444,33099586.48704399
2025-12-24,-0.026172413793101403,128.93316165249811,-0.0543193890606386,32233290.413124528
2025-12-25,0.000967241379310345,129.0578711416137,-0.05340468764212669,32264467.785403427
2025-12-26,-0.0166896551724122,126.90393977497456,-0.0692030369932014,31725984.94374364
2025-12-29,-0.0091034482758604,125.74867632323017,-0.07767649900126183,31437169.080807544
2025-12-30,-0.0011948275862068967,125.59842833583016,-0.07877851656366208,31399607.08395754
2025-12-31,0.0009862068965517242,125.72229437205102,-0.07787000158344548,31430573.593012758
2026-01-02,0.0286,129.3179519910917,-0.051497083628731954,32329487.99777292
2026-01-05,0.052268965517240994,136.07726756447428,-0.0019198173999196433,34019316.89111857
